Report No.,Code,Incident Type,Title,Date,Location,Latitude,Longitude,Description,Weapons,Actor Type,Actors,Actor Categories,Unspecified,Pistol,Revolver,Assault Rifle,Rifle,Shotgun,SMG,LMG,HMG,GL,AGL,RPG/ATW,Mortar,ATGM,MANPADS,Hand Grenade,Projected Gren,Rifle Gren,Munition,Ammo,Craft handgun,Craft Rifle,Craft Shotgun,Craft SMG,Craft RPG,Tags,Convergence,Arms Score,Source
7,VNM.2026.06.07.001,Illicit manufacture,Police raid workshops behind national gun-manufacturing ring in HCMC and Dong Nai,07 June 2026,HCMC,10.7648167838489,106.780700747227,"Police seized hundreds of finished and unfinished craft rifles when they dismantled a national arms-manufacturing and trafficking ring based in Ho Chi Minh City and Dong Nai on 7 June 2026. Acting on Telegram and Viber accounts flagged for large-scale gun-component trading, police first arrested ring leaders Nguyen Duc Hiep, Sam Van Thuyen, and Pham Van Tuan between late April and 6 May 2026, together with 6 further defendants across Lao Cai, Ninh Binh, Phu Tho, Hung Yen, and Ha Tinh, charging all 9 with illegal possession and sale of military weapons. That raid recovered 64-65 self-made gun bodies, 6 complete PCP air rifles, 8 additional air guns, 1 shotgun with 20 rounds of ammunition, up to 40 kilograms of lead pellets, 60 suppressors, and gun-manufacturing machinery including a press and a lathe.

Police later raided two machine shops disguised as ordinary civilian workshops on 7 June 2026, detaining 5 more suspects — Vu Manh Quyet (workshop owner), Nguyen Thi Quynh Nhu, Nguyen Cong Quy, Nguyen Cong Danh, and Truong Anh Tai. They seized 178 finished PCP gun bodies, 113 magazines, 300 aluminum alloy blanks, hundreds of additional unassembled components, 4 CNC milling machines, 1 CNC lathe, and 2 desktop computers.

Quyet told investigators he had run the workshop since 2023, filling thousands of orders for buyers domestically and abroad, and had machined roughly 200 gun bodies between February and May 2026 alone for a Viber contact known as ""Ga Rung."" Police also identified Tran Huu Trang (born 1997, Dong Nai) as the designer of the PCP gun-body models supplied to Hiep, describing the full network — from component design and manufacture through assembly to online sale — as the largest such operation uncovered to date.

Images of the raids showed hundreds of unassembled firearm components, including dozens of milled rifle receivers (bodies) at various stages of production. Images also showed workshop equipment, including several large CNC machines and lathes.","243 unfinished craft rifles
6 PCP air rifles (craft rifles)
8 additional air guns
1 shotgun
20 rounds of ammunition
dozens of kilograms of lead/lead pellets
additional unassembled components and manufacturing materials.","Criminal Organization
Police","Criminal Organization (Nguyen Duc Hiep, born 1990; Sam Van Thuyen, born 1985; Pham Van Tuan, born 1990; Vu Manh Quyet, born 1987; Tran Huu Trang, born 1997; Nguyen Thi Quynh Nhu; Nguyen Cong Quy, born 1994; Nguyen Cong Danh; Truong Anh Tai; 9 total formally charged as of reporting); Police (Ha Tinh Provincial Police Cybersecurity and High-Tech Crime Prevention Department, Ha Tinh Provincial Security Investigation Agency, Ho Chi Minh City Police, Dong Nai Police).","Criminal, State",,,,,,1,,,,,,,,,,,,,,20,,257,,,,"Online, Crime, Smuggling",,259.2,https://suckhoedoisong.vn/boc-go-duong-day-che-tao-vu-khi-quan-dung-quy-mo-lon-169260607142840555.htm
5,VNM.2026.06.06.001,Illicit manufacture,HCMC police dismantle 3D printing manufacturing ring spanning multiple provinces,06 June 2026,"Tan Son Nhi Ward, HCMC",10.8007887291772,106.622140292257,"Police seized at least 30 firearms, 9 partially assembled firearms, roughly 100 gun components in production, one hand grenade, and over 1,000 rounds of ammunition and arrested 34 suspects when they dismantled a manufacturing and online-sales ring led by Nguyen Ngoc Son across Ho Chi Minh City, Tay Ninh, Dong Thap, and Vinh Long between 30 May and 11 July 2026.

Son, who began building homemade pistols from online-ordered parts in January 2026 and sold them via anonymized Facebook accounts for around VND 5 million each, recruited associates with metalworking skills to mass-produce components and shipped completed weapons disguised inside computer-tower boxes via intercity couriers; buyers paid into bank accounts registered to other people to obscure the money trail. The investigation also uncovered links to drug distribution, leading to seven additional arrests for drug sales and organizing drug use.","14 3D-printed pistols (craft handguns)
7 ZP-5 converted revolvers (craft handguns)
7 converted pistols (craft handguns)
2 3D-printed MP5-style submachine guns (craft submachine guns)
1 air rifle (craft rifle)
1 M67 hand grenade
1,000+ rounds of ammunition.","Criminal Organization
Police","Criminal Organization (Nguyen Ngoc Son, born 1993 — leader, charged; more than 30 associates, 34 total defendants charged as of 11 July 2026); Police (Ho Chi Minh City Police Criminal Police Department).","Criminal, State",,,,,,,,,,,,,,,,1,,,,1000,28,1,,2,,"Crime, Online, 3D Printing, Conversion",Drug trafficking,32,https://cand.vn/triet-pha-duong-day-san-xuat-mua-ban-vu-khi-quan-dung-quy-mo-lon-post816056.html
8,VNM.2025.09.13.001,Illicit manufacture,Nationwide PCP air-rifle manufacturing ring dismantled from Bac Ninh base,13 September 2025,"Lam Thao Commune, Bac Ninh",21.0118991377529,106.167167813407,"Police arrested 33 suspects and seized 58 guns (53 PCP air rifles, 2 pellet/shotgun-type guns, and 1 birdshot gun), roughly 130,000 lead pellets, thousands of gun components, and manufacturing machinery — including a metal lathe, hydraulic presses, air compressors, a grinder, a metal cutter, and drill presses — in a nationwide raid on a firearms-manufacturing ring led by Ngo Quang Vy of Lam Thao Commune, Bac Ninh, on 13 September 2025.

Investigators said Vy, a trained mechanical engineer, began buying air guns, lead pellets, and components from foreign websites in 2019, then used workshop machinery to modify and reassemble the components to increase the weapons' lethality before reselling them online; the ring rented two houses in Hai Duong as a warehouse and workshop, sold through YouTube, Facebook, Telegram, Viber, and Zalo livestreams, and had completed roughly 3,500 orders nationwide in early 2025 alone worth tens of billions of dong, with many buyers in mountainous regions seeking hunting guns.

Twenty-six suspects — including Vy, relative and warehouse manager Ngo Van Trong, Nguyen Thanh Do (born 1994), Ngo Van Huynh (born 1992), Nguyen Dinh Dong (born 1994), Tran Van Thai (born 1992), and Nguyen Manh Linh (born 1988) — were formally charged with illegally manufacturing, trading, and possessing military weapons. Police said the operation, tracked for over a year, was the largest of its kind uncovered to date, and noted that under a weapons law effective 1 January 2025, gas- and air-powered guns and their components are classified as military weapons. During the searches, police said residents voluntarily surrendered 10 further guns of the same type after outreach on the dangers of illegal weapons.",68 craft rifles; thousands of gun components and manufacturing machinery.,"Criminal Organization
Police
Civilian Community","Criminal Organization (Ngo Quang Vy, born 1992; Ngo Van Trong; Nguyen Thanh Do, born 1994; Ngo Van Huynh, born 1992; Nguyen Dinh Dong, born 1994; Tran Van Thai, born 1992; Nguyen Manh Linh, born 1988; 19 further charged suspects); Police (Ministry of Public Security Criminal Police Department, Lai Chau Provincial Police, Ha Tinh Provincial Police, Bac Ninh Provincial Police, Hai Phong Police); Civilian Community (residents who voluntarily surrendered 10 additional guns during the operation).","Criminal, State, Other",,,,,,,,,,,,,,,,,,,,,,68,,,,"Conversion, Online, Smuggling, Crime",Environmental crime,68,https://vnexpress.net/duong-day-lap-rap-hang-nghin-sung-quan-dung-4939009.html
0,VNM.2025.08.25.001,Seizure,Police Seize Pistol After Youth Gang Kills Motorist in Quang Tri,25 August 2025,"Km31 of National Highway 9, Khe Ha, Huong Hiep, Quang Tri",16.7659556714509,106.854268462077,Police seized one pistol and 5 rounds of ammunition when they arrested four suspects for fatally injuring a victim with a firearm. The four suspects encountered the victim in a roadside altercation that led to the shooting. Images showed one Glock pistol and two rounds of ammunition.  ,"1 Glock pistol
2 rounds of ammunition","Gang
Police","Gang 
Police (Quang Tri Provincial Police force)","Criminal, State",,1,,,,,,,,,,,,,,,,,,2,,,,,,"Crime, Gang violence, Interpersonal dispute",,1.02,https://www.sggp.org.vn/vu-thanh-nien-bi-ban-tu-vong-o-quang-tri-tam-giu-hinh-su-4-doi-tuong-thu-giu-1-khau-sung-ngan-post810480.html
0,VNM.2025.07.26.001,Seizure,Police seize pistols from Laos-bound fugitive in Quang Tri,26 July 2025,"Tay Chin, Lao Bao, Hương Hóa, Quảng Trị",16.6180675046475,106.602487065766,"Police and customs personnel seized two pistols and 19 rounds of ammunition when they raided a restaurant and arrested a suspect. Images showed one Baretta 92 and one CZ75 along with one loaded magazine.

Cong An Tinh Quang Tri reported that the suspect was wanted for a criminal incident involving theft, drug possession, and resistance to law enforcement in Hanoi. The suspect was preparing to flee over the border into Laos.","1 Baretta 92 pistol
1 CZ75 pistol
19 rounds of ammunition","Criminal Individual
Police",Criminal individual (fugitive suspect); Police,"Criminal, State",,2,,,,,,,,,,,,,,,,,,19,,,,,,Crime,,2.19,https://congan.quangtri.gov.vn/bat-doi-tuong-tran-hai-quynh-gay-an-tai-ha-noi-lan-tron-tai-khu-vuc-bien-gioi-tinh-quang-tri/
0,VNM.2025.07.17.001,Seizure,Police and Customs Seize Pistol From Drug Trafficker Crossing From Laos Into Ha Tinh,17 July 2025,"Cau Treo International Border Gate, Huong Son, Ha Tinh",18.3916524980417,105.158979026617,"Police and customs officials seized one pistol and 15 rounds of ammunition along with 38kg of crystal meth, 3kg of ketamine, 9,000 synthetic drug pills (ecstasy) and 1 heroin cake when they arrested a suspected drug trafficker crossing the border from Laos. Personnel seized the items when they controlled a vehicle through the Cau Treo border crossing. The items were located in a hidden compartment within the vehicle, which also contained a number of fake license plates. The suspect confessed he was hired to transport the items from Laos into Vietnam. Images showed a Sig Sauer P320 pistol and ammo.","1 Sig Sauer P320 pistol
15 rounds of ammunition","Criminal Individual
Police
Other State Agency","Criminal individual (drug trafficker, hired transporter); Police; Other State Agency (Customs)","Criminal, State",,1,,,,,,,,,,,,,,,,,,15,,,,,,"Smuggling, Crime",Drug trafficking,1.15,https://www.sggp.org.vn/pha-chuyen-an-van-chuyen-luong-lon-ma-tuy-thu-giu-sung-dan-va-nhieu-bien-so-gia-post805042.html
0,VNM.2025.07.13.001,Seizure,Police Seize Homemade Firearm After Domestic Abuse Suspect Shoots Officer in Lam Dong,13 July 2025,"Dong Giang, Lam Dong (not located, possibly Đông Giang, Ara, Bình Thuận)",11.223842886773,107.968518905126,"Police seized a homemade firearm following a standoff with a domestic abuse suspect. Police came to the residence following reports that a man was abusing his wife and children. During the response, the suspect shot and injured a police officer. Police eventually subdued the suspect and seized the weapon.",1 craft handgun,"Criminal Individual
Police",Criminal individual (domestic abuse suspect); Police,"Criminal, State",,,,,,,,,,,,,,,,,,,,,1,,,,,"Domestic violence, Crime",,0.5,https://www.sggp.org.vn/lam-dong-bat-doi-tuong-dung-sung-ban-trong-thuong-cong-an-post803630.html
10,VNM.2025.07.05.001,Seizure,Police seize K54 pistol from two men after road rage incident at Da Trang Pass,05 July 2025,"Moc Chau, Son La",20.86345430950783,104.5985015051735,"Police seized a K54 pistol when they arrested Bui Manh Hung (born 1978) and Nguyen Van Quy (born 1980) following a road rage incident at a motel in Moc Chau, Son La on 5 July 2025. Earlier that day, the suspects brandished the weapon to threaten a driver during a confrontation at Da Trang Pass, Mai Chau Ward, Phu Tho.",1 K54 pistol,"Criminal Individual
Police","Criminal Individual (Bui Manh Hung, born 1978, of Hai Phong; Nguyen Van Quy, born 1980, of Hung Yen); Police (Phu Tho Provincial Police Criminal Police Division, Phu Tho Provincial Traffic Police, Mai Chau and Muong Bi Ward/Commune Police, Moc Chau Ward Police, Son La Provincial Police).","Criminal, State",,1,,,,,,,,,,,,,,,,,,,,,,,,"Interpersonal dispute, Crime",,1,https://www.sggp.org.vn/tam-giu-hinh-su-2-nguoi-rut-sung-de-doa-nguoi-khac-o-deo-da-trang-post802689.html
0,VNM.2025.06.27.001,Seizure,Police Seize Pistol From Drug Trafficking Ring Spanning Hanoi and Thanh Hoa,27 June 2025,"Nam Ngan, Thanh Hoa City, Thanh Hoa; Giap Bat, Hoang Mai, Hanoi",20.9835041411806,105.841010531025,"Police seized one pistol and six rounds of ammunition along with 2.3kg of heroin, 2kg of crystal meth, 500g of ketamine, 2,000 ecstasy pills, 200 pink meth pills when they arrested 10 members of a suspected drug trafficking ring.  The ring was led by two suspects in Hanoi and one suspect in Thanh Hoa who distributed the supply to smaller distributors. Image showed one Type 54 pistol and six rounds of ammunition.","1 Type 54 pistol
6 rounds of ammunition","Criminal Organization
Police",Criminal organization (drug trafficking ring); Police,"Criminal, State",,1,,,,,,,,,,,,,,,,,,6,,,,,,Crime,Drug trafficking,1.06,https://www.sggp.org.vn/triet-pha-duong-day-ma-tuy-thu-giu-gan-56kg-ma-tuy-va-sung-dan-post801380.html
5,VNM.2025.06.27.002,Seizure,Seven arrested in Can Tho interprovincial drug ring found with revolver,27 June 2025,"Hung Phu Ward, Ninh Kieu District, Can Tho",10.0218379391112,105.785429305158,"Police seized one ZP-5 converted revolver and four rounds of ammunition from Nguyen Van Hai, one of seven suspects arrested in a large interprovincial drug-trafficking ring spanning Can Tho, Vinh Long, and Hau Giang on 27 and 28 June 2025. The case, which also yielded roughly 2.7 kilograms of heroin, methamphetamine, and ecstasy pills, began with the arrest of Nguyen Van Dung, Bui Thi Kim Ngan, and Nguyen Thi Ngoc Tuyen in Hung Phu Ward, Can Tho, before expanding to detain Hai, Tieu Thanh Nhieu, Tran Truong Tho, and one further suspect.","1 ZP-5 converted revolver
4 rounds of .22 caliber ammunition.","Criminal Organization
Police","Criminal Organization (Nguyen Van Dung, born 1979; Bui Thi Kim Ngan, born 2003; Nguyen Thi Ngoc Tuyen, born 1982; Nguyen Van Hai, born 1980; Tieu Thanh Nhieu, born 2003; Tran Truong Tho, born 1997; one additional suspect — all detained); Police (Can Tho Municipal Police Narcotics Investigation Department, Hung Phu Ward Police).","Criminal, State",,,,,,,,,,,,,,,,,,,,4,1,,,,,"Crime, Conversion",Drug trafficking,0.54,https://cand.vn/cong-an-tp-can-tho-boc-go-duong-day-ma-tuy-lien-tinh-quy-mo-lon-post773159.html
0,VNM.2025.06.26.001,Illicit manufacture,Police Dismantle Air Gun Manufacturing Network Selling Nationwide From Hanoi,26 June 2025,"Soc Son, Hanoi",21.256098074338,105.84617087816,"Police seized 16 air guns, two CNC machines, and gun manufacturing equipment when they arrested four suspected gun traffickers. The suspects confessed that they discussed buying PCP air gun components to assemble and retail to customers across the country in early 2022. They advertized their weapons over YouTube and sourced parts and accessories e-commerce and social media platforms like Lazada, Shopee, and TikTok. They shipped their products by express courier service to their clients, many of whom were in Son La Province. Images showed several high-quality air rifles.","16 homemade air rifles (craft rifles)
2 CNC machines and manufacturing equipment (not tallied)","Criminal Organization
Police",Criminal organization (air gun manufacturing network); Police,"Criminal, State",,,,,,,,,,,,,,,,,,,,,,16,,,,"Crime, Online",,16,https://tuoitre.vn/triet-pha-o-nhom-che-tao-tang-tru-mua-ban-sung-quy-mo-lon-20250627161137654.htm
5,VNM.2025.06.25.002,Illicit manufacture,Four-member air-rifle manufacturing ring dismantled across Hanoi and Son La,25 June 2025,"Dong Xuan Commune, Soc Son District, Hanoi",21.2120993050194,105.869453885021,"The authorities seized 16 PCP air rifles and two CNC machines used to manufacture gun components when they detained four men — Nguyen Van Hai, Nguyen Huu Dinh, and Nguyen Van Thu, and Hoang Minh Loc — in Dong Xuan Commune, Soc Son District, Hanoi on 25 June 2025. The group had been buying air-rifle parts online since early 2022, assembling them into complete weapons advertised on a YouTube channel and sold to buyers nationwide via express courier. By April 2026, the expanded investigation had led to 14 total defendants charged, including two more arrests — Cao Thanh Thuan and Nguyen Van Thuc — in Lam Dong.",16 PCP air rifles (craft rifles).,"Criminal Organization
Police","Criminal Organization (Nguyen Van Hai, born 1998; Nguyen Huu Dinh, born 1998; Nguyen Van Thu, born 1998; Hoang Minh Loc, born 1991 — detained; Cao Thanh Thuan, born 1998; Nguyen Van Thuc, born 1983 — later detained; 14 total defendants charged); Police (Son La Provincial Security Investigation Agency, Ministry of Public Security Cybersecurity and High-Tech Crime Prevention Department).","Criminal, State",,,,,,,,,,,,,,,,,,,,,,16,,,,"Crime, Online",,16,https://cand.vn/triet-pha-o-nhom-che-tao-mua-ban-trai-phep-vu-khi-quan-dung-post773030.html
4,VNM.2025.06.11.001,Illicit manufacture,Two men caught assembling PCP air rifles from online-ordered parts in Bac Giang,11 June 2025,"Nha Nam Town, Tan Yen District, Bac Giang",21.4433952569332,106.096628083748,"Police seized one PCP air rifle from Pham Ngoc Quynh as he attempted to transport it to a buyer in Hanoi at the Nha Nam bus station, Tan Yen District, Bac Giang on 11 June 2025. A subsequent search of Do Van Thuc's home turned up two more PCP air rifles and numerous components for assembling additional weapons. Thuc admitted ordering the parts online and assembling them into complete firearms to sell for profit. On 20 June 2025, the Bac Giang Provincial Security Investigation Agency formally charged Thuc with illegal manufacture, possession, and sale of a military-pattern firearm, and Quynh with illegal sale of a military-pattern firearm.","3 PCP air rifles (craft rifles)
gun-assembly components.","Criminal Organization
Police","Criminal Organization (Do Van Thuc, born 1980 — manufacturer, charged; Pham Ngoc Quynh, born 1983 — charged); Police (Bac Giang Provincial Police Criminal Police Department, Security Investigation Agency).","Criminal, State",,,,,,,,,,,,,,,,,,,,,,3,,,,"Crime, Online",,3,https://cand.vn/bat-2-doi-tuong-thu-giu-nhieu-linh-kien-lap-rap-sung-quan-dung-post771491.html
0,VNM.2025.06.10.001,Seizure,Police Seize Air Rifle From Poaching Suspects During Traffic Stop in Long An,10 June 2025,"Hamlet 2, Tan Hiep, Thanh Hoa, Long An ",10.7712944267081,106.171676770292,"Police seized an air rifle when a police patrol inspected two suspicious individuals on a motorbike during a traffic stop. The suspects confessed they bought the rifle online. An image showed the rifle, which had markings ""COMMSO PE, LM88E"" and ""Forth Worth, TX."" Cong An Tinh Tay Ninh reported that the suspects bought the weapon for poaching. ",1 air rifle (craft rifle),"Criminal Individual
Police",Criminal individuals (poaching suspects); Police,"Criminal, State",,,,,,,,,,,,,,,,,,,,,,1,,,,"Crime, Online",Environmental crime,1,https://www.sggp.org.vn/long-an-xu-ly-2-doi-tuong-tang-tru-sung-hoi-post799187.html
0,VNM.2025.06.09.001,Seizure,"Border Guard Seizes Two Revolvers, One Possibly a Converted Toy Gun, From Cambodia-Bound Suspect in Long An",09 June 2025,"My Quy Tay Border Guard Station, Hamlet 4, My Quy Tay, Duc Hue, Long An",10.930681590547,106.149855540393,"Border Guard personnel seized two revolvers along with three bags of Ketamine when they arrested a suspicious individual attempted to cross from Vietnam into Cambodia through the official border station. Personnel first observed the individual behaving suspiciously in a line for citizens exiting the country. Upon inspection, personnel discovered one revolver and the Ketamine in his bag, and then seized the second firearm from his vehicle. An image showed the revolvers, at least one of which may have been a toy cap gun. Quan Doi Nhan Dan reported that the individual was noticed as his passport had expired. ","1 revolver
1 revolver, possibly a converted toy cap gun (craft handgun)","Criminal Individual
Military",Criminal individual (drug user); Military (Border Guard),"Criminal, State",,,1,,,,,,,,,,,,,,,,,,1,,,,,"Crime, Smuggling, Conversion",Drug trafficking,1.5,https://www.sggp.org.vn/bat-doi-tuong-van-chuyen-ma-tuy-va-2-khau-sung-qua-bien-gioi-post799182.html
4,VNM.2025.06.08.001,UXO,Decades-old 105mm artillery shell kills bicycle repairman in Ca Mau,08 June 2025,"Ward 1, Gia Rai Town, Ca Mau",9.22934601998585,105.431183960406,"A 105mm artillery shell that L.V.U. had used for over 20 years as an anvil to fasten bicycle spokes exploded at his repair shop, killing him instantly, in Ward 1, Gia Rai Town, Ca Mau (now Bac Lieu Province) on 8 June 2025. U.'s father had originally found the shell and given it to him. Authorities warned residents against collecting or tampering with old ordnance, however long buried, given the continued risk of detonation.",1 105mm artillery ordnance.,"Civilian Community
Police","Civilian Community (L.V.U., born 1976 — deceased); Police (Gia Rai Town local authorities, Ca Mau).","Other, State",,,,,,,,,,,,,,,,,,,1,,,,,,,,,10,https://cand.vn/de-khong-con-nhung-tieng-no-oan-trai-post773946.html
0,VNM.2025.06.07.001,Seizure,"Border Guard Seizes Assault Rifles, Pistols, and Grenades From Chinese Nationals Smuggling Arms and Drugs Through Cao Bang",07 June 2025,"Noi Thon, Ha Quang, Cao Bang",22.931074891025,106.196837949327,"Border Guard and police personnel seized two grenades, three rifles, seven pistols, and 470 rounds of ammunition along with two packages of heroin when they arrested three Chinese nationals attempting to illegally exit Vietnam into China. The suspects confessed that the weapons and drugs had been smuggled from Laos into Vietnam with the intention of then smuggling them on to China.

Voice of Vietnam/Tieng Noi Viet Nam reported that the weapons had been smuggled from Laos into Vietnam by road, and implied that some of the suspects had enterred Vietnam from Laos illegally. Images of the weapons showed one Type 56-1 assault rifle, one AR-15, one M16A1 assault rifle, seven pistols (including several Glocks), two Type 86p grenades, several magazines, and hundreds of rounds of ammunition.","1 Type 56-1 assault rifle
1 AR-15
1 M16A1 assault rifle
7 pistols (including several Glocks)
2 Type 86p grenades
470 rounds of ammunition","Criminal Organization
Military
Police","Criminal organization (arms and drug smugglers, Chinese nationals); Military (Border Guard); Police","Criminal, State",,7,,3,,,,,,,,,,,,2,,,,470,,,,,,"Smuggling, Crime",Drug trafficking,36.7,https://www.qdnd.vn/phap-luat/tin-tuc/bat-3-doi-tuong-van-chuyen-trai-phep-ma-tuy-vu-khi-quan-dung-qua-bien-gioi-832195
0,VNM.2025.05.18.001,Seizure,Border Guards Seize Pistol From Laos-Returning Smuggler in Ha Tinh,18 May 2025,"Cau Treo International Border Gate, Huong Son, Ha Tinh",18.3916850029848,105.159494424359,Border guards seized one CZ85 pistol and four rounds of ammunition along with a package of ketamine when they inspected the backpack of a Vietnamese national returning from Laos. The suspect confessed to buying the items in Laos in order to bring back into Vietnam. Image showed the pistol and ammunition.,"1 CZ85 pistol
4 rounds of ammunition","Criminal Individual
Military",Criminal individual (smuggler); Military (Border Guard),"Criminal, State",,1,,,,,,,,,,,,,,,,,,4,,,,,,"Smuggling, Crime",Drug trafficking,1.04,https://tuoitre.vn/bat-thanh-nien-mua-sung-ngan-va-ma-tuy-o-lao-dem-ve-viet-nam-20250524182746293.htm
5,VNM.2025.05.10.001,Surrender/Amnesty,Elderly man surrenders K54 pistol kept since Vietnam War-era civil service in Hue,10 May 2025,"Thuan Hoa Ward, Phu Xuan District, Hue",16.4582470175619,107.585959931638,"Dang Van Luc, born 1938, voluntarily surrendered a K54-pattern pistol and 10 rounds of ammunition to police in Thuan Hoa Ward, Phu Xuan District, Hue. Luc said he had kept the pistol, issued to him decades earlier while working at the Phu Loc District Finance Office, as a keepsake. The same article reported that, from February to May 2025, Hue police had collected 95 firearms (including 82 homemade firearms), 169 rounds of ammunition, 17 bombs/mines/artillery shells, and 6 blasting caps citywide.","1 K54 pistol
10 rounds of ammunition.","Civilian Community
Police","Civilian Community (Dang Van Luc, born 1938, Hue); Police (Thuan Hoa Ward Police, Hue Municipal Police).","Other, State",,1,,,,,,,,,,,,,,,,,,10,,,,,,,,1.1,https://cand.vn/cong-an-tp-hue-no-luc-kim-giam-toi-pham-lien-quan-den-vu-khi-vat-lieu-no-cong-cu-ho-tro-post767845.html
0,VNM.2025.05.07.001,Seizure,Police Seize Revolvers and Air Rifles From Multi-Crime Network in Tien Giang,07 May 2025,Tien Giang,10.3523432387311,106.382908415947,"Police seized two air rifles, three pistols, one grenade, and 43 rounds of ammunition along with a plastic bag containing suspected drugs when they arrested 32 members of a suspected criminal organization engaged in illegal gambling, illegal money lending, and drug trafficking. The organization was led by Nguyen Cong Huan, and the group allegedly operated in Tien Giang and Long An provinces. Images of the weapons showed two air rifles, three revolvers (including one Smith and Wesson and one ZP-5), one training grenade, and several rounds of assorted ammunition.","1 Smith & Wesson revolver
1 converted 'ZP-5' revolver (craft handgun)
1 unspecified revolver
2 air rifles (craft rifles)
1 training grenade
43 rounds of ammunition","Criminal Organization
Police",Criminal organization (loan shark/drug trafficking network); Police,"Criminal, State",,,2,,,,,,,,,,,,,1,,,,43,1,2,,,,"Crime, Conversion","Drug trafficking, Illicit business",9.93,https://tuoitre.vn/triet-pha-nhom-giang-ho-cho-vay-lai-nang-hoat-dong-o-tien-giang-thu-giu-nhieu-sung-dan-2025051821524442.htm
10,VNM.2025.05.07.002,UXO,Resident finds over 400 rounds of belted ammunition at construction site in Da Nang,07 May 2025,"Phu Hoa 2 Hamlet, Hoa Nhon Commune, Hoa Vang District, Da Nang",16.00830656737024,108.1287897560443,"Do Huu Minh discovered and surrendered two metal boxes containing over 400 rounds of belted ammunition leftover from wartime while digging a house foundation in Phu Hoa 2 Hamlet, Hoa Nhon Commune, Hoa Vang District, Da Nang on 7 May 2025. Minh struck the boxes while excavating, preserved the site, and reported the find to Hoa Nhon Commune Police, who recovered the boxes and belts. Police then handed the ammunition over to the Da Nang City Military Command, which was to process it for destruction under standard procedure. Local authorities proposed commending Minh for his conduct and used the case to urge residents not to illegally store, use, or trade weapons and explosive materials.","400+ rounds of ammunition (caliber/type unspecified), contained in 4 ammunition belts","Civilian Community
Police
Military","Civilian Community (Do Huu Minh, discovered and surrendered the ordnance); Police (Hoa Nhon Commune Police); Military (Da Nang City Military Command).","Other, State",,,,,,,,,,,,,,,,,,,,400,,,,,,State conflict,,4,https://www.sggp.org.vn/nguoi-dan-phat-hien-hon-400-vien-dan-khi-dao-mong-nha-post794233.html
0,VNM.2025.05.01.001,Illicit manufacture,Police Seize Homemade Air Rifles From Poaching Suspects in Dak Lak,01 May 2025,"Cu Klong forest, Krong Nang, Dak Lak",13.0898308473852,108.452860093078,Police seized four air rifles and 560 rounds of ammunition (though likely pellets) when they arrested two groups entailing seven poaching suspects. The suspects confessed to purchasing the weapons components online and assembling them. Each assembled gun cost between VND 6 and 8 million. Images showed four high quality air rifles.,"4 homemade air rifles (craft rifles)
560 rounds of ammunition (likely pellets)","Criminal Organization
Police",Criminal organization (poaching group); Police,"Criminal, State",,,,,,,,,,,,,,,,,,,,560,,4,,,,"Crime, Online",Environmental crime,9.600000000000001,https://www.sggp.org.vn/bat-7-doi-tuong-mang-sung-tu-che-vao-rung-san-ban-thu-post793735.html
0,VNM.2025.04.26.001,Seizure,Police Seize Revolver From Fortified Drug Dealer Residence in Dak Nong,26 April 2025,"Dak Drong, Cư Jút, Dak Nong",12.6350364537672,107.804828532929,Police seized one revolver and 10 rounds of ammunition along with a quantity of heroin when they arrested a suspected drug dealer and three suspected drug users. Police discovered the weapon during a search of the dealer's residences. The suspect reinforced his residence with additional security measures. An image showed the revolver and ammunition.,"1 revolver
10 rounds of ammunition","Criminal Organization
Police",Criminal organization (drug dealer operation); Police,"Criminal, State",,,1,,,,,,,,,,,,,,,,,10,,,,,,Crime,Drug trafficking,1.1,https://www.sggp.org.vn/pha-tu-diem-ban-ma-tuy-cong-an-thu-giu-sung-va-nhieu-dan-cua-con-nghien-post794165.html
5,VNM.2025.04.26.002,Seizure,Drug supplier's Quang Ninh home yields AR-15 rifle and K59 pistol,26 April 2025,"Mao Khe Ward, Dong Trieu City, Quang Ninh",21.0552521649564,106.602306196314,"Police seized one AR-15 assault rifle, one K59 pistol, and seven rounds of ammunition from the home of Hoang Minh Thanh in Mao Khe Ward, Dong Trieu City, Quang Ninh, on 26 April 2025. Police traced the suspect as the drug supplier for a group of karaoke-bar workers caught using methamphetamine at a rented room nearby. Thanh was taken into emergency custody on charges of illegal drug sales and firearms possession, while four associates — Nguyen Van Khang, Le Duc Thinh, Hoang Thi Mai, and Tran Quang Minh — were held for organizing illegal drug use.","1 AR-15 assault rifle
1 K59 pistol
7 rounds of ammunition.","Criminal Individual
Police","Criminal Individual (Hoang Minh Thanh, born 1990 — detained); Police (Mao Khe Ward Police, Quang Ninh Provincial Police Narcotics Investigation Department).","Criminal, State",,1,,1,,,,,,,,,,,,,,,,7,,,,,,Crime,Drug trafficking,6.07,https://cand.vn/cong-an-phuong-khoanh-vung-nhanh-nhom-nguoi-su-dung-ma-tuy-va-tang-tru-vu-khi-post767288.html
4,VNM.2025.04.21.001,Seizure,Methamphetamine user's home search turns up three firearms in Hai Phong,21 April 2025,"Nam Son Ward, An Duong District, Hai Phong",20.8757341631597,106.610544922558,"Police seized one shotgun, one pistol, one revolver, and 39 rounds of ammunition from the home of Vu Doan Thuan after he arrived at the local police station in an intoxicated state and admitted using methamphetamine in Nam Son Ward, An Duong District, Hai Phong on 21 April 2025. Thuan, who has three prior convictions, confessed on 23 April 2025 to illegally possessing and trading the weapons.","1 shotgun
1 pistol
1 revolver
39 rounds of ammunition.","Criminal Individual
Police","Criminal Individual (Vu Doan Thuan, born 1985 — perpetrator, three prior convictions, detained); Police (Hai Phong Municipal Police Security Investigation Department, Nam Son Ward Police).","Criminal, State",,1,1,,,1,,,,,,,,,,,,,,39,,,,,,Crime,,4.39,https://cand.vn/ke-ngao-da-den-cong-an-phuong-khai-nhan-dung-ma-tuy-co-3-khau-sung-va-39-vien-dan-post766149.html
0,VNM.2025.04.17.001,Seizure,Police-Criminal Gunfight Kills Officer as Drug Ring's AK-Pattern Rifles Seized in Quang Ninh,17 April 2025,"Tổ 10 Khu 10, Bãi Cháy, Hạ Long, Quảng Ninh, Vietnam",20.9683294525839,107.039233816989,"Police seized two AK-pattern assault rifles, one inert grenad, one ""col"" gun, three magazines, 154 rounds of ammunition, and explosives along with 25 heroin cakes, 8.84 grams of synthetic drugs, and 1 synthetic drug kit when they arrested 13 members of a suspected drug trafficking organization.

Cong An HCMC reported that the group was led by Nguyen Huu Dang, who was arrested during an operation in which he was caught attempting to sell 16 heroine cakes at the Dragon Castel apartment building in Ha Long. Another police team moved to arrest another group of suspects of the same network (apparently which had just made the transaction with suspect Dang) at the Dai Yen toll booth, but came under fire from men armed with AK-pattern rifles, killing one police officer and wounding another. An image showed a Type 56 assault rifle. 

Tuo Tre reported that the next day, police discovered another nine heroine cakes at suspect Bui Dinh Khanh's residence. The suspect was part of the group that fought back at Dai Yen and managed to escape before police located and arrested him a day after the incident in Dong Hai, Thanh Hoa City.","2 Type 56 assault rifles
1 'col' gun (type unclear)
1 inert grenade
3 magazines (not separately tallied)
154 rounds of ammunition
Unspecified quantity of explosives","Criminal Organization
Police",Criminal organization (drug trafficking network); Police,"Criminal, State",1,,,2,,,,,,,,,,,,1,,,2,154,,,,,,Crime,Drug trafficking,37.54,https://www.sggp.org.vn/quang-ninh-bat-them-8-doi-tuong-trong-chuyen-an-ma-tuy-quy-mo-lon-lien-tinh-post792912.html
0,VNM.2025.04.16.001,Seizure,Police Seize Four Pistols From Loan Shark Group in Hanoi,16 April 2025,"215 Ngo Xuan Quang, Trau Quy, Gia Lam, Hanoi",21.0155854688485,105.935968861682,"Police seized four pistols, silencers, and 86 rounds of ammunition when they arrested nine suspected members of a illegal loan shark group. The suspects reportedly generated VND 1.2 billion in illegal lending activities. Members of the suspected group also physically assaulted and injured three individuals at a social gathering on January 16. Images showed one Makarov pistol, one Zoraki M906-T pistol, two Zoraki 2914 pistols, two Bushnell suppressors, and  assorted ammunition.","1 Makarov pistol (real)
1 Zoraki M906-T pistol (craft handgun; blank-firer brand, treated as convertible)
2 Zoraki 2914 pistols (craft handguns; blank-firer brand, treated as convertible)
2 silencers (not separately tallied)
86 rounds of ammunition","Criminal Organization
Police",Criminal organization (loan shark group); Police,"Criminal, State",,1,,,,,,,,,,,,,,,,,,86,3,,,,,"Crime, Conversion",Illicit business,3.36,https://tuoitre.vn/bat-9-nguoi-cho-vay-lai-nang-thu-giu-nhieu-sung-dan-20250417000529297.htm
4,VNM.2025.04.16.002,Seizure,Drug dealer's Da Lat home yields four firearms,16 April 2025,"Ward 11, Da Lat City, Lam Dong",11.9476870530011,108.436157734144,"Police seized four firearms from the home of Bui Quat Cuong after catching him selling methamphetamine in Da Lat City, Lam Dong on 16 April 2025. A related raid the same night on an address in Ward 3 led to the arrest of two more suspects, Nguyen Van Phong and Vo Thi Ngoc Huyen, for drug dealing.","1 air rifle (craft rifle)
3 unspecified firearms
20 rounds of ammunition.","Criminal Individual
Police","Criminal Individual (Bui Quat Cuong, born 1995 — detained; Nguyen Van Phong, born 1990 — detained; Vo Thi Ngoc Huyen, born 1994 — detained); Police (Lam Dong Provincial Police Narcotics Investigation Department).","Criminal, State",3,,,,,,,,,,,,,,,,,,,20,,1,,,,Crime,Drug trafficking,4.2,https://cand.vn/bat-doi-tuong-ban-ma-tuy-thu-giu-4-vat-giong-sung-post765732.html
0,VNM.2025.04.08.001,Seizure,Police Seize Two Converted Revolvers After Hostage Standoff in Binh Duong,08 April 2025,"Hung Loc, Hung Dinh, Thuan An, Binh Duong",10.9408817510008,106.703212540136,"Police seized two revolvers when they arrested a man for holding an couple hostage at a rented room, apparently due to a romantic conflict. Police cordoned off the area and subdued the suspect with the use of tear gas. Image showed two revolvers, including a ZP-5. Voice of Vietnam/Tieng Noi Viet Nam reported that the suspect purchased the weapons over social media.",2 converted 'ZP-5' revolvers (craft handguns),"Criminal Individual
Police",Criminal individual (hostage-taker); Police,"Criminal, State",,,,,,,,,,,,,,,,,,,,,2,,,,,"Crime, Online, Conversion",,1,https://www.sggp.org.vn/binh-duong-khong-che-nguoi-dan-ong-mang-2-khau-sung-khong-che-doi-nam-nu-trong-phong-tro-post789643.html
4,VNM.2025.04.01.001,Seizure,Two men caught with air rifles built from online-ordered parts in Hoa Binh,01 April 2025,"Hop Thanh Commune, Hoa Binh City, Hoa Binh",20.8377066952397,105.332569201099,"Police seized two air rifles, branded AIRFORCE and Cricket, when they stopped Nguyen Anh Dai and Nguyen Thanh Duy on a motorbike near Hop Thanh Commune, Hoa Binh City, Hoa Binh on 1 April 2025. The pair said they had bought and assembled from online-ordered parts roughly a year earlier to hunt birds and small game.",2 air rifles (craft rifles).,"Criminal Individual
Police","Criminal Individual (Nguyen Anh Dai, born 1986 — detained; Nguyen Thanh Duy, born 1988 — detained); Police (Hop Thanh Commune Police, Hoa Binh Provincial Police Administrative Management and Social Order Department).","Criminal, State",,,,,,,,,,,,,,,,,,,,,,2,,,,Online,Environmental crime,2,https://cand.vn/ru-nhau-mua-sung-hoi-cung-linh-kien-ve-lap-rap-san-ban-chim-thu-post763967.html
0,VNM.2025.03.28.001,Seizure,Border Guards Seize Pistol From Smuggler Crossing Into Long An From Cambodia,28 March 2025,"Mỹ Quý Tây, Đức Huệ District, Long An",10.930449264185,106.149754292293,Border guards seized one firearm and 25 rounds of ammunition when they identified and arrested an individual attempting to illegally cross the border from Cambodia into Vietnam. Personnel discovered the items in his personal luggage during a search. The suspect purchased the items in Cambodia for VND 17 million with the intent of smuggling it back into Vietnam. An image showed a pistol and 25 rounds of ammunition.,"1 pistol
25 rounds of ammunition","Criminal Individual
Military",Criminal individual (smuggler); Military (Border Guard),"Criminal, State",,1,,,,,,,,,,,,,,,,,,25,,,,,,"Smuggling, Crime",,1.25,https://vietnamnet.vn/bat-thanh-nien-mua-sung-25-vien-dan-tu-campuchia-ve-viet-nam-de-dung-2387213.html
4,VNM.2025.03.17.001,Seizure,Homemade air gun and revolvers found in Da Lat rental room,17 March 2025,"Tram Hanh Commune, Da Lat City, Lam Dong",11.8593708586652,108.566765739995,"Police seized one craft air rifle, two revolvers, and 31 rounds of ammunition from the rented room of N.V.H. (born 1977) in Tram Hanh Commune, Da Lat City, Lam Dong, on 17 March 2025. The suspect admitted ordering gun components online to build the weapons himself for hunting, and separately buying chemicals to make fireworks for the Lunar New Year.","1 craft air rifle
2 revolvers (likely converted/craft)
approximately 31 rounds of ammunition.","Criminal Individual
Police","Criminal Individual (N.V.H., born 1977 — perpetrator, detained); Police (Lam Dong Provincial Security Investigation Agency, Tram Hanh Commune Police).","Criminal, State",,,,,,,,,,,,,,,,,,,,31,2,1,,,,"Crime, Online, Conversion",Environmental crime,2.31,https://cand.vn/kiem-tra-phong-tro-phat-hien-nhieu-sung-dan-thuoc-no-post762110.html
4,VNM.2025.03.16.001,Seizure,Man surrenders K54 pistol after shooting rival in leg during Thanh Hoa dispute,16 March 2025,"Phan Dinh Phung Residential Group, Dong Huong Ward, Thanh Hoa City, Thanh Hoa",19.8140295766516,105.79078672433,"Pham Tien Tung shot and wounded Nguyen Van Tu in the leg with a K54-pattern pistol following an argument in Dong Huong Ward, Thanh Hoa City, Thanh Hoa, on 16 March 2025. Tung fled but was persuaded by police to turn himself in and surrender the weapon. He was charged with attempted murder.",1 K54 pistol.,"Criminal Individual
Police","Criminal Individual (Pham Tien Tung, born 1977 — perpetrator, charged); Police (Thanh Hoa Provincial Police Criminal Police Department).","Criminal, State",,1,,,,,,,,,,,,,,,,,,,,,,,,"Crime, Interpersonal dispute",,1,https://cand.vn/dung-sung-quan-dung-giai-quyet-mau-thuan-post762851.html
0,VNM.2025.03.01.001,Seizure,Police Seize Air Rifle From Document Forgery Ring in Long An,01 March 2025,"Nationwide (main front Nhựt Chánh, Bến Lức, Long An)",10.6353994496394,106.471963754633,"Police seized air rifles along with blunt weapons and forged official documents (such as diplomas, drivers licenses, etc) when they disrupted an online network that specialized in dealing forged documents. The network was primarily active in the southern provinces. 

Police arrested four suspects, including a focal point who coordinated the movement of goods in Da Nang and a ring leader who used his pawn shop as a front for proceeds in Nhựt Chánh, Bến Lức, Long An Province. The network apparently operated with siloed 'departments' responsible for different aspects of the supply and sales chain. The authorities believe the network generated billions of VND through their sales. Accompanying images showed one high-quality air rifle.",1 air rifle,"Criminal Organization
Police",Criminal organization (document forgery network); Police,"Criminal, State",,,,,,,,,,,,,,,,,,,,,1,,,,,Crime,Criminal services,0.5,https://tuoitre.vn/pha-duong-day-lam-giay-to-gia-lien-tinh-khui-ra-ca-kho-vu-khi-20250411133353399.htm
0,VNM.2025.02.27.001,Seizure,"Police Seize Two Revolvers, One Converted, From Organized Crime Suspect in Da Nang",27 February 2025,"Ngu Hanh Son, Da Nang",16.0126477561207,108.257532966385,Police seized two guns and dozens of rounds of ammunition along with 30 grams of synthetic drugs and 10 ecstasy pills when they arrested a suspected organized crime leader wanted for a violent incident. Police arrested two other suspects wanted for the same incident. An image showed one high-end revolver and one likely converted ZP-5 revolver.,"1 revolver (unspecified, high-end)
1 likely converted 'ZP-5' revolver (craft handgun)
~40 rounds of ammunition","Criminal Organization
Police",Criminal organization; Police,"Criminal, State",,,1,,,,,,,,,,,,,,,,,40,1,,,,,"Crime, Conversion",,1.9,https://tuoitre.vn/on-lanh-kho-hang-nong-cua-nghi-pham-bi-truy-na-dac-biet-20250228104053906.htm
4,VNM.2025.02.21.001,Seizure,Drug ring leader's K54 pistol seized in Thai Binh raid,21 February 2025,"Hoang Dieu Ward, Thai Binh City, Thai Binh",20.4499405337479,106.346443684379,"Police seized one K54-pattern pistol and ammunition from Pham Duc Diep, the alleged leader of a drug-trafficking ring, during raids on the group's residences in Thai Binh City, Thai Binh, on 21 February 2025. Officers also recovered various narcotics. Diep and three associates — Ta Quang Hieu, Luong Van Hoang, and Nguyen Van Anh Hao — were taken into emergency custody on charges of illegal firearms trading and possession alongside drug offenses.","1 K54 pistol
~6 rounds of ammunition.","Criminal Organization
Police","Criminal Organization (Pham Duc Diep, born 1983 — leader, detained; Ta Quang Hieu, born 1984; Luong Van Hoang, born 1991; Nguyen Van Anh Hao, born 1998 — detained); Police (Thai Binh Provincial Police Narcotics Investigation Department).","Criminal, State",,1,,,,,,,,,,,,,,,,,,6,,,,,,Crime,Drug trafficking,1.06,https://cand.vn/triet-xoa-o-nhom-ma-tuy-thu-giu-sung-o-thai-binh-post759836.html
3,VNM.2025.02.08.001,Seizure,Two men charged after firing three warning shots in Dong Thap dispute,08 February 2025,"Phu Dien Commune, Thap Muoi District, Dong Thap",10.4517413727397,105.896189546657,"Pham Chi Bao and Nguyen Thanh Cong fired three rounds from a converted revolver into the air to intimidate Nguyen Hoang Giang before fleeing by motorbike during a dispute at Giang's home in Phu Dien Commune, Thap Muoi District, Dong Thap, on 8 February 2025. Giang reported the incident to commune police, who identified and questioned the pair. Bao admitted buying components online to build the revolver himself.",1 converted revolver.,"Criminal Individual
Police","Criminal Individual (Pham Chi Bao, born 2001 — perpetrator, charged; Nguyen Thanh Cong, born 2004 — perpetrator, charged); Police (Phu Dien Commune Police, Dong Thap Provincial Security Investigation Agency).","Criminal, State",,,,,,,,,,,,,,,,,,,,,1,,,,,"Crime, Online, Interpersonal dispute, Conversion",,0.5,https://cand.vn/bi-khoi-to-vi-no-3-phat-sung-de-doa-doi-phuong-post768245.html
3,VNM.2025.02.02.001,Seizure,Man charged after brandishing loaded handgun in Kien Giang dispute,02 February 2025,"My Thuan Commune, Hon Dat District, Kien Giang",10.2135935270673,105.092022796857,"Police seized one loaded handgun from Nguyen Van Sang after he brandished it to threaten a man during a dispute in My Thuan Commune, Hon Dat District, Kien Giang, on 2 February 2025. Sang had been handed the pre-loaded weapon by an associate, known only as Thanh, and accompanied Ngo Quoc Hao to confront a man accused of insulting Hao's father over an unrelated grievance. When the confrontation escalated and the target's relatives gathered, Sang drew the gun to threaten them, then fled and discarded it in a nearby house as police arrived.","1 handgun
~6 rounds of ammunition.","Criminal Individual
Police","Criminal Individual (Nguyen Van Sang, born 1995 — perpetrator, charged; Ngo Van Tan and Ngo Quoc Hao — associates, involved but not reported charged; ""Thanh"" — unidentified associate who supplied the weapon); Police (My Thuan Commune Police, Kien Giang Provincial Security Investigation Agency).","Criminal, State",,1,,,,,,,,,,,,,,,,,,6,,,,,,"Crime, Interpersonal dispute",,1.06,https://cand.vn/bi-khoi-to-vi-mang-sung-quan-dung-di-noi-chuyen-post758461.html
3,VNM.2025.01.16.001,Illicit manufacture,Twice-convicted arms manufacturer's home 'workshop' raided a third time in Phu Yen,16 January 2025,"Hoa Vinh Ward, Dong Hoa Town, Phu Yen",12.9658263575111,109.395944886954,"Police seized six handguns, 2,404 rounds of assorted ammunition, 1.1 kilograms of gunpowder, 4 kilograms of bullet heads, 10 kilograms of cartridge casings, five grenades, and extensive gun-manufacturing machinery and components from the home of Nguyen Thanh Tin in Hoa Vinh Ward, Dong Hoa Town, Phu Yen on 16 January 2025. Tin had connected with firearms and ammunition sellers via Facebook and Zalo since late October 2019, ordering parts shipped disguised as intercity bus luggage.

It was Tin's third arrest for weapons offenses: he was sentenced to two years in 2017 for illegally transporting a military-pattern firearm, and after a February 2020 raid on the same property recovered six firearms, 10 rounds of AR-15 ammunition, and 731 rounds of support-tool and sporting ammunition, he was sentenced in August 2020 to four years and six months, plus a VND 30 million fine, for illegal manufacture, possession, and use of a military-pattern firearm.","1 pistol
4 revolvers (likely converted/craft)
2,404 rounds of 7.62mm ammunition
5 F-1 hand grenades
1.1kg gunpowder
4kg bullet heads
10kg cartridge casings
gun-manufacturing machinery, tools, and components.","Criminal Individual
Police","Criminal Individual (Nguyen Thanh Tin, born 1989 — perpetrator, twice previously convicted, detained); Police (Dong Hoa Town Police, Phu Yen Provincial Security Investigation Agency).","Criminal, State",,1,,,,,,,,,,,,,,5,,,,2404,4,,,,,"Crime, Online, Conversion",,52.04,https://cand.vn/hai-lan-di-tu-van-tiep-tuc-lap-xuong-che-tao-vu-khi-trai-phep-post756857.html
3,VNM.2025.01.10.001,Illicit transfer,"Man caught smuggling two pistols, 92 rounds from Laos in beer carton at Quang Tri border crossing",10 January 2025,"La Lay International Border Gate, La Lay, Dakrong District, Quang Tri",16.3147316374393,106.968254122788,"Customs officers using baggage-scanning equipment detected and seized two pistols and 92 rounds of ammunition from Cao Ba Huy who attempted to conceal the weapons inside a Beerlao carton as he crossed the Vietnamese-Laotian border at the La Lay International Border Gate, Quang Tri, on 10 January 2025. Huy admitted he had been paid VND 12 million to carry the weapons from an unidentified Laotian contact, arranged via social media, to an unidentified recipient in Vietnam. On 17 January 2025, Quang Tri authorities formally charged Huy with illegally transporting a military-pattern firearm and transferred the case to the provincial security investigation agency.","1 K59 pistol
1 Tactical Hulk PT 11 Pro pistol (craft handgun — Zoraki-derived blank-firing design converted to fire live ammunition)
92 rounds ammunition.","Criminal Individual
Police","Criminal Individual (Cao Ba Huy, born 2000 — perpetrator, charged); Police (La Lay International Border Gate Customs, La Lay Border Guard Station, Quang Tri Provincial Security Investigation Agency).","Criminal, State",,1,,,,,,,,,,,,,,,,,,92,1,,,,,"Crime, Smuggling, Online, Conversion",,2.42,https://cand.vn/mang-2-khau-sung-ngan-cung-92-vien-dan-qua-bien-gioi-post756855.html
3,VNM.2025.01.08.001,Seizure,Three friends charged over pneumatic pellet guns used for bird hunting in Kien Giang,08 January 2025,"An Hoa Hamlet, Vinh Phuoc B Commune, Go Quao District, Kien Giang",9.73767385972129,105.313087276289,"Police seized three craft air guns from a rented house shared by Huynh Hai Duong, Nguyen Huu Tinh, and Nguyen Vi Khang after the three men returned from a bird-hunting trip in neighboring Giong Rieng District and stored the weapons at the house in An Hoa Hamlet, Vinh Phuoc B Commune, Go Quao District, Kien Giang, on 8 January 2025. The guns were discovered when police separately raided the same address to arrest a housemate for drug dealing. On 20 May 2025, the Kien Giang Provincial Security Investigation Agency formally charged all three with illegal possession and use of a military-pattern firearm.",3 air rifles (craft rifles).,"Criminal Individual
Police","Criminal Individual (Huynh Hai Duong, born 1996 — charged; Nguyen Huu Tinh, born 2001 — charged; Nguyen Vi Khang, born 1999 — charged); Police (Go Quao District Police, Kien Giang Provincial Security Investigation Agency).","Criminal, State",,,,,,,,,,,,,,,,,,,,,,3,,,,Crime,Environmental crime,3,https://cand.vn/khoi-to-3-thanh-nien-di-ban-co-bang-sung-quan-dung-post768947.html
0,VNM.2025.01.02.001,Seizure,Police Seize Homemade Air Rifles and Converted Revolver From Poaching Group in Son La,02 January 2025,"Na Mun, Chieng Khay, Quynh Nhai, Son La",21.9372045143892,103.633236189937,"Police seized 6 homemade air guns, 109 rounds of ammunition, and one one ""flintlock gun"" when they arrested six poaching suspects. The suspects confessed to ordering gun components over social media and assembling them with the intention of illegal hunting. Images showed at least one ZP-5 revolver, one high quality air rifle, gun parts, and several rounds of ammunition. Bao Tuyen Quang reported they bought the weapons over Zalo and Facebook. ","6 homemade air rifles (craft rifles)
1 converted 'ZP-5' revolver (craft handgun)
1 flintlock gun (craft rifle)
109 rounds of ammunition","Criminal Organization
Police",Criminal organization (poaching group that purchased and assembled weapons); Police,"Criminal, State",,,,,,,,,,,,,,,,,,,,109,1,7,,,,"Crime, Online, Conversion",Environmental crime,8.59,https://tuoitre.vn/nhom-thanh-nien-mua-linh-kien-ve-tu-che-sung-de-san-ban-thu-rung-post786561.html
3,VNM.2024.12.30.001,Seizure,"Wildlife trafficker's home yields shotgun powder, pellets, and blasting caps in Son La",30 December 2024,"Ban Lanh Village, Nam Lanh Commune, Sop Cop District, Son La",20.9198633709363,103.6145338443,"Police seized various ammunition components when they caught Tong Van Kim illegally trading wildlife parts — four dark-furred animal paws suspected to be from bears — in Ban Lanh Village, Nam Lanh Commune, Sop Cop District, Son La, on 30 December 2024, and an emergency search of his home turned up three lumps of raw opium, two bags of gunpowder, a bag of metal balls used as shotgun pellets, and 75 blasting caps for muzzle-loading shotguns, along with roughly VND 75 million in cash.","2 bags gunpowder
metal balls (quantity unspecified) used as shotgun pellets
75 blasting caps for muzzle-loading shotguns.","Criminal Individual
Police","Criminal Individual (Tong Van Kim, poacher); Police (Sop Cop District Police, Nam Lanh Border Guard Station, Son La).","Criminal, State",,,,,,,,,,,,,,,,,,,,,,1,,,,Crime,Environmental crime,1,https://cand.vn/em-dan-hat-no-cung-ma-tuy-chan-gau-tai-tu-gia-post755025.html
3,VNM.2024.12.22.001,Seizure,Three hunters caught carrying two firearms and 49 rounds in Kon Tum,22 December 2024,"Dak Ro Ong Commune, Tu Mo Rong District, Kon Tum",14.8169615695588,107.949222128341,"Commune police stopped A Trai, Nong Van Thanh, and A Thuan and seized one craft rifle, one hunting rifle, and 49 rounds of ammunition that the three men said they were carrying to hunt birds and wildlife in Dak Ro Ong Commune, Tu Mo Rong District, Kon Tum on 22 December 2024. Police cited the men for illegal weapons possession and sent the firearms and ammunition to Da Nang for forensic testing to determine whether they qualify as military-pattern weapons; all three were released on conditions barring them from leaving their residence pending the outcome.","1 craft rifle
1 rifle
49 rounds of ammunition.","Criminal Individual
Police","Criminal Individual (A Trai, born 1987; Nong Van Thanh, born 1995; A Thuan, born 1995 — all detained/cited); Police (Dak Ro Ong Commune Police, Tu Mo Rong District Police, Kon Tum).","Criminal, State",,,,,1,,,,,,,,,,,,,,,49,,1,,,,,Environmental crime,4.49,https://cand.vn/phat-hien-vu-tang-tru-van-chuyen-2-khau-sung-va-49-vien-dan-post754366.html
3,VNM.2024.12.21.001,Surrender/Amnesty,"Woman finds, surrenders over 100 rounds of ammunition while digging trash pit in Vinh Long",21 December 2024,"Long Ho Town, Long Ho District, Vinh Long",10.1926032431398,106.011629457841,"A resident surrendered 120 rounds of military-caliber ammunition and an M26 hand grenade to police after unearthing a plastic bag containing the items while digging a household trash pit in Long Ho Town, Long Ho District, Vinh Long, on 21 December 2024. Police gave her a VND 500,000 reward for the voluntary handover as part of a pre-Lunar New Year crime-suppression campaign.","120 rounds of belted ammunition
1 M26 hand grenade.",Police,"Police (Long Ho District Police, Vinh Long Provincial Police Administrative Management and Social Order Team).",State,,,,,,,,,,,,,,,,1,,,,120,,,,,,,,6.2,https://cand.vn/dao-ho-chon-rac-dung-tui-nhua-chua-ca-tram-vien-dan-post754105.html
3,VNM.2024.12.23.001,Seizure,Seven arrested in Nghe An drug ring found carrying two pistols,21 December 2024,"Quan Bau Ward, Vinh City, Nghe An",18.6971108933877,105.670832806725,"Police seized two handguns, over 3,000 synthetic-drug pills and two packets of methamphetamine from Bui Van Xuyen, Hoang Van Hai, and Nguyen Ngoc Lam after a raid on a drug-trafficking operation in Quan Bau Ward, Vinh City, Nghe An, on 21 December 2024. The three men resisted arrest before being subdued. Investigators said the group routinely carried firearms and knives, using their knowledge of the mountainous terrain to evade capture during drug transactions. Expanding the investigation, police arrested four more suspects the following night — Nguyen Van Hai, Bui Huy Hoang, Ho Trung Hau, and Nguyen Van Bao — described as lower-level distributors for the network, seizing 50 more drug pills, one packet of methamphetamine, and mobile phones.",2 ZP-5 converted revolvers (craft handguns).,"Criminal Organization
Police","Criminal Organization (Bui Van Xuyen, born 1973 — arrested; Hoang Van Hai, born 1991 — arrested; Nguyen Ngoc Lam, born 1994 — arrested; Nguyen Van Hai, born 1972, Bui Huy Hoang, born 1997, Ho Trung Hau, born 1995, and Nguyen Van Bao, born 1993 — arrested as lower-level distributors); Police (Vinh City Police Investigation Department, Nghe An).","Criminal, State",,,,,,,,,,,,,,,,,,,,,2,,,,,"Crime, Conversion",Drug trafficking,1,https://cand.vn/vay-bat-7-doi-tuong-mua-ban-ma-tuy-su-dung-vu-khi-nong-post754234.html
2,VNM.2024.12.16.001,Seizure,"Drug users open fire on police during Binh Thuan raid, then surrender after standoff",16 December 2024,"Phan Ri Thanh Commune, Bac Binh District, Binh Thuan",11.1942991284033,108.5529219043,"Police seized one pellet rifle, one converted revolver, one K59 pistol, and one 60mm mortar munition when they arrested a group of suspected drug users in Phan Ri Thanh Commune, Bac Binh District, Binh Thuan, on the night of 16 December 2024. One of the suspects fired the pellet rifle at police before they barricaded themselves in a rented room. Police surrounded the room and negotiated their surrender.

Le Ngoc Truong fired a pellet gun at police officers and barricaded himself inside a rented room with several others using illegal drugs, after commune police attempted to arrest the group during a patrol; reinforcements surrounded the building, and the group surrendered their weapons after roughly two hours of negotiation, around 10:00pm. At the scene, police also seized a disassembled handgun, an empty K59-caliber magazine, three spent cartridge casings, and one 60mm mortar round, along with an unregistered motorbike.","1 pellet/craft rifle
1 converted ZP-5 revolver (craft handgun)
1 K59 pistol
1 60mm mortar munition.","Criminal Individual
Police","Criminal Individual (Le Ngoc Truong, born 1988 — perpetrator, arrested; unnamed associates — arrested); Police (Phan Ri Thanh Commune Police, Bac Binh District Police, Binh Thuan).","Criminal, State",,1,,,,,,,,,,,,,,,,,1,,1,1,,,,"Crime, Conversion",,12.5,https://cand.vn/nhom-toi-pham-ma-tuy-co-vu-khi-nong-dau-sung-voi-cong-an-post753716.html
0,VNM.2024.12.15.001,Seizure,Police Seize Nearly 100 Firearms and War Remnants From Trafficking Ring in Ho Chi Minh City,15 December 2024,"District 6, HCMC",10.747966485244,106.635209388629,"Police seized 4 grenades, nearly 100 guns, 9,000 rounds of assorted ammunition, thousands of weapon components, support tools when they arrested 71 individuals suspected of participating in an online group that traded war remnants. The seizure focused on the residence of a central suspect, Nguyen Tan Binh. 

The case opened in late March 2024 when Binh Thanh District police intercepted a parcel containing K54 pistol components at a bus depot on Nguyen Xi Street and traced it to Nguyen Minh Hien (b. 2004, Thu Duc City). A search of Hien's home turned up additional firearms and ammunition along with 95 counterfeit US$100 bills; Hien said most of the weapons had been stolen from museums, that he had carried two AK rifles north for an associate, Duong Tung Son (b. 1996, Quang Ninh), to store, and that he had sold other weapons to Pham Hong An (b. 2000, Binh Duong). The counterfeit currency was traced to Pham Huy Cuong (b. 1978, Kien Giang), who was also arrested. 

Investigators identified the trafficking as running through a Facebook group called ""Phe lieu chien tranh – BW"" (""War Remnants/Scrap – BW""), with roughly 12,000 members, founded and administered by Pham Huy Hoang (b. 2004, Thai Nguyen, using the account ""Co Dac""), and traced more than 4,000 illicit transactions for weapons, support tools, and explosives conducted through over 100 anonymized Facebook/Telegram accounts and more than 2,000 illegally purchased bank accounts. The expanded investigation, run by HCMC police with Ministry of Public Security units and police in 25 other provinces (26 in total including HCMC), deployed hundreds of officers in ten simultaneous search teams and additionally resulted in over 200 administrative fines totaling more than 9 billion VND.

Video of the seizure showed one bolt action rifle, three shotguns, one Type 56 assault rifle, one AR-pattern assault rifle, one PPSh submachine gun (plus one PPSh frame), one Mosin Nagant rifle, one SVD rifle, one M1 Garand rifle, one SKS rifle, two F-1 hand grenades, two M67 grenades (incl. one training grenade), at least four pistols, one revolver, hundreds of rounds of assorted ammunition, thousands of shell casings, a large assortment of weapons parts and components, and at least four mortar shells.","1 bolt action rifle
1 Mosin Nagant rifle
1 SVD rifle 
1 M1 Garand rifle
1 SKS rifle
1 Type 56 assault rifle
1 M4 assault rifle
3 shotguns
1 PPSh submachine gun + 1 frame
4 pistols 
1 revolver
4 hand grenades (2 F-1, 2 M67 incl. 1 training, possibly inert)
4 mortar shells
80 unspecified firearms
9,000 rounds of ammunition","Criminal Organization
Police","Criminal organization (online war-remnants trading ring, 71 arrested); Police","Criminal, State",80,4,1,2,5,3,1,,,,,,,,,4,,,4,9000,,,,,,"Crime, Online",,271,https://tuoitre.vn/cong-an-tp-hcm-triet-pha-duong-day-mua-ban-vu-khi-quan-dung-lon-thu-giu-nhieu-sung-dan-20241215172546416.htm
0,VNM.2024.12.13.001,Illicit transfer,Police Seize 45 Firearms Including Converted Blank-Firing Pistols From Trafficking Ring in Ho Chi Minh City,13 December 2024,"Bach Dang Street, Go Vap, HCMC",10.8143590950848,106.678372150682,"Police seized 45 guns, five 'ammunition boxes,' and around 250 rounds of ammunition along with numerous less-lethal weapons when they arrested two members of a suspected arms trafficking ring. Police first intercepted two individuals riding a motorcycle with a suspicious package that contained three bullets and several less lethal weapons. The two riders said they were part of a hired courier service and had received the package from suspect Huynh Chau Long.

Police raided the suspect's residence, seizing the remaining items. Suspect Long confessed he had been trading such items since 2023, which he ordered over social media and used a cousin's bank account to facilitate payments. Suspect Long had purchased these items in bulk over Telegram from suspect Tran Ba ​​Loc (residing in Hoc Mon, HCMC), who had in turn sourced the items from someone in Long An Province over Line. Image showed on Retay PM blank-firing pistol (possibly converted).

Quang Ninh Dien Tu posted an image showing roughly 40 assorted pistols and revolvers, at least some of which appeared to be Retay blank-firing pistols.","42 pistols, including Retay PM blank-firing pistols, likely converted or convertible (craft handguns)
3 revolvers (unspecified)
~250 rounds of ammunition","Criminal Organization
Police",Criminal organization (arms trafficking ring); Police,"Criminal, State",,,3,,,,,,,,,,,,,,,,,250,42,,,,,"Crime, Online, Conversion",,26.5,https://www.sggp.org.vn/pha-duong-day-mua-ban-vu-khi-qua-mang-thu-nhieu-sung-dan-post776943.html
0,VNM.2024.12.04.001,Seizure,Police Seize Pistol From Drug Traffickers Near Laos Border in Quang Tri,04 December 2024,"Khe Ngai, Dakrong, Dakrong, Quang Tri",16.6734905655713,106.85898808289,"Police seized one Glock pistol and two rounds of ammunition along with 12,000 tablets of suspected synthetic drugs when they intercepted two drug trafficking suspects driving a motorcycle along the national highway. The suspects were heading from Lao Bao (on the border with Laos) to Dong Ha. An inspection of the suspects' residence led to the seizure of 3,400 more pink tablets suspected to be ecstasy, 1 plastic bag containing powder suspected to be crystal meth, 1 plastic bag containing powder suspected to be ketamethamine and 2 blue tablets. An image showed one Glock pistol and two rounds of ammo.","1 Glock 19M pistol
2 rounds of ammunition","Criminal Organization
Police",Criminal organization (drug trafficking pair); Police,"Criminal, State",,1,,,,,,,,,,,,,,,,,,2,,,,,,"Crime, Smuggling",Drug trafficking,1.02,https://daidoanket.vn/bat-2-doi-tuong-nghi-van-chuyen-ma-tuy-thu-giu-1-khau-sung-quan-dung-10295883.html
7,VNM.2024.11.26.001,Illicit transfer,Four young men caught selling revolver and fireworks online in Tay Ninh,26 November 2024,"Loc Hung Ward, Trang Bang Town, Tay Ninh",11.0308699555727,106.357912631593,"Police seized a revolver and 6 rounds of ammunition, along with 10 boxes of fireworks (15.2kg), from Bui Cong Hieu and Nguyen Van Gia Huy as they prepared to complete a sale in Loc Hung Ward, Trang Bang Town, Tay Ninh on 26 November 2024; a search of their homes recovered a further 8 boxes of fireworks. Expanding the investigation, police arrested two more suspects on 28 November — Nguyen Huu Tien (born 2003), who had advertised the gun for sale online, and Nguyen Van Minh (born 2001), who had advertised the fireworks — recovering VND 12 million in cash and 3 more boxes of fireworks. Hieu told police he bought the gun and fireworks from Tien and Minh's online listings to resell at a markup, using Huy to deliver orders by motorbike.","1 revolver (craft handgun)
6 rounds of ammunition.","Criminal Individual
Police","Criminal Individual (Bui Cong Hieu, born 2005; Nguyen Van Gia Huy, born 2005; Nguyen Huu Tien, born 2003; Nguyen Van Minh, born 2001); Police (Tay Ninh Provincial Police Criminal Police Department).","Criminal, State",,,,,,,,,,,,,,,,,,,,6,1,,,,,"Online, Crime",Illicit goods (cigarettes; fuel; counterfeit),0.56,https://cand.vn/bat-nhom-mua-ban-sung-dan-phao-no-trai-phep-qua-mang-post751716.html
7,VNM.2024.11.17.001,Seizure,Firearm recovered in 14-person drug bust in Binh Phuoc,17 November 2024,"Dong Xoai City, Binh Phuoc",11.5326392801677,106.887389961606,"Police seized one craft air rifle along with 6 kilograms of drugs when they detained 14 people in a coordinated operation across Dong Xoai City and Dong Phu District on 17 November 2024. Police made simultaneous arrests, including H.M.H, N.Q.T, and N.X.T caught trafficking and organizing drug use, and Nguyen Quang Minh, a fugitive wanted on separate drug-trafficking charges. A search of H.M.H's home recovered 511 bags (roughly 4kg) of a synthetic drug mixture and further methamphetamine, along with the firearm and drug-packaging equipment.",1 craft air rifle.,"Criminal Organization
Police","Criminal Organization (H.M.H., born 1999; N.Q.T., born 1998; N.X.T., born 1985; Nguyen Quang Minh, born 1989; 11 further suspects); Police (Binh Phuoc Provincial Police Narcotics Investigation Department, Dong Xoai City Police, Dong Phu District Police).","Criminal, State",,,,,,,,,,,,,,,,,,,,,,1,,,,Crime,Drug trafficking,1,https://cand.vn/cong-an-binh-phuoc-bat-14-doi-tuong-ma-tuy-co-sung-post750576.html
7,VNM.2024.11.16.001,Seizure,Police seize M1911 pistol from cross-border drug traffickers in Tay Ninh,16 November 2024,"Hiep Long Ward, Hoa Thanh Town, Tay Ninh",11.2922366667943,106.121688154344,"Police seized a M1911 pistol and 11 rounds of ammunition along with nearly 58 kilograms of synthetic drugs when they raided a house in Hiep Long Ward, Hoa Thanh Town, Tay Ninh on 16 November 2024. They arrested ring leaders Dang Thanh Tuan (born 1980) and Pham Van Tien (born 1988), both of Dong Nai, as they unloaded drugs from a car. The pair had been smuggling methamphetamine from Cambodia across the border at Tan Chau District since around July 2024, paid $800 per kilogram by a Cambodia-based contact reached through Telegram, then repackaging and distributing the drugs via couriers to Ho Chi Minh City, Dong Nai, and Binh Duong; they hired armed lookouts to guard the shipments. Five further suspects — Ngo Thi Kieu Xuan, Ho Hong Mai, Dang Thi Quyen, Nguyen Thi Kim Loan, and Truong Thi Trang — were detained as the investigation expanded.","1 M1911 pistol
11 rounds of ammunition.","Criminal Organization
Police","Criminal Organization (Dang Thanh Tuan, born 1980; Pham Van Tien, born 1988; Ngo Thi Kieu Xuan; Ho Hong Mai; Dang Thi Quyen; Nguyen Thi Kim Loan; Truong Thi Trang); Police (Tay Ninh Provincial Police Narcotics Investigation Department, Ministry of Public Security Narcotics Investigation Police Department).","Criminal, State",,1,,,,,,,,,,,,,,,,,,11,,,,,,"Crime, Smuggling",Drug trafficking,1.11,https://e.vnexpress.net/news/news/crime/100-police-officers-bust-armed-drug-trafficking-gang-at-vietnam-cambodia-border-4816955.html
7,VNM.2024.11.14.001,Illicit manufacture,Banana-grove gun workshop supplied 33 firearms to buyers in 10 provinces from Dong Nai,14 November 2024,"Tra Co Commune, Dinh Quan District, Dong Nai",11.2388612995986,107.436865739706,"Police charged Lenh Chi Va, Nguyen Trung Hieu, and 23 further defendants over a firearm manufacturing and trafficking ring based at a hidden workshop in a banana grove in Tra Co Commune, Dinh Quan District, Dong Nai on 14 November 2024. Va rented the land and hired workers to produce gun components and assemble complete craft firearms, while Hieu ran a YouTube channel and social media accounts advertising and selling the weapons, and separately bought and resold guns sourced from other online sellers.

From July 2023 to January 2024 the pair sold 33 firearms to 26 buyers across Binh Duong, Binh Phuoc, Tay Ninh, Dak Nong, Ho Chi Minh City, Lam Dong, Binh Thuan, Thua Thien Hue, Thanh Hoa, and Ha Tinh, profiting hundreds of millions of dong; investigators noted many young buyers initially intended the weapons for self-defense or hunting before using them in disputes, debt collection, or other crimes. Images of the seized weapons showed 21 craft rifles and two handguns.","21 craft rifles
1 pistol
1 revolver
10 unspecified firearms.","Criminal Organization
Police","Criminal Organization (Lenh Chi Va, born 1984; Nguyen Trung Hieu, born 1991; 23 additional defendants); Police (Binh Duong Provincial Police Security Investigation Agency).","Criminal, State",10,1,1,,,,,,,,,,,,,,,,,,,21,,,,"Online, Crime",,33,https://cand.vn/de-nghi-truy-to-23-doi-tuong-trong-duong-day-mua-ban-33-khau-sung-post750281.html
7,VNM.2024.11.12.001,Seizure,Traffic checkpoint recovers suspected handgun and drugs from car in Hanoi,12 November 2024,"Khuat Duy Tien Street, Thanh Xuan District, Hanoi",20.9983719371378,105.797538210261,"Traffic police seized a handgun and 21 rounds of ammunition along with suspected drugs (5 pressed tablets and powder in four bags) from a vehicle at a checkpoint on Khuat Duy Tien Street, Thanh Xuan District, Hanoi on 12 November 2024. The driver, N.V.T, admitted the items were his; his passenger N.V.Q was also detained.","1 Shark M906 blank-firing pistol (possibly converted; craft handgun)
21 rounds of ammunition.","Criminal Individual
Police","Criminal Individual (N.V.T., born 1991); Police (Hanoi Traffic Police Y2-141 Checkpoint Team).","Criminal, State",,,,,,,,,,,,,,,,,,,,21,1,,,,,"Crime, Conversion",,0.71,https://dantri.com.vn/phap-luat/canh-sat-141-bat-2-doi-tuong-thu-giu-sung-dan-va-chat-nghi-la-ma-tuy-20241113175107681.htm
8,VNM.2024.11.08.001,Seizure,Revolver found in abandoned house leads to four arrests in Vinh Long,08 November 2024,"Tan Quoi Trung Commune, Vung Liem District, Vinh Long",10.1637811530452,106.117209688264,"Residents found a revolver with 6 rounds of ammunition inside an abandoned house in Tan Quoi Trung Commune, Vung Liem District, Vinh Long on 8 November 2024 and reported it to police, who arrested Truong Truong An (born 1995), Truong Chi Hieu (born 2001), Nguyen Phu Dan (born 2000), and Huynh Ngoc Em (born 1984) for illegal possession. An admitted buying the gun online in 2020 and, at Em's request, having Hieu and Dan hide it in October 2023; Em was separately facing charges in an unrelated assault case.",1 revolver; 6 rounds of ammunition.,"Criminal Individual
Police","Criminal Individual (Truong Truong An, born 1995; Truong Chi Hieu, born 2001; Nguyen Phu Dan, born 2000; Huynh Ngoc Em, born 1984); Police (Vinh Long Provincial Police Security Investigation Agency).","Criminal, State",,,1,,,,,,,,,,,,,,,,,6,,,,,,Online,,1.06,https://tuoitre.vn/plo/tu-khau-sung-trong-can-nha-hoang-4-nguoi-bi-bat-109820090.htm
0,VNM.2024.11.07.001,Illicit transfer,"Police Dismantle Transnational Arms Trafficking Ring Selling Over 1,000 Converted Toy Guns in Ninh Binh",07 November 2024,"Yen Khanh, Ninh Binh",20.1645280110818,106.079623880884,"Ha Tĩnh Provincial Police dismantled a major transnational arms trafficking ring in late 2024, seizing 532 firearms, nearly 37,000 rounds of ammunition, 211 grams of drugs, and two grenades. The investigation led to the arrest of 45 individuals across 15 provinces—including Hà Nội, Hồ Chí Minh City, Bình Dương, Tây Ninh, and Ninh Bình—with 43 formally charged for trafficking, manufacturing, storing, and illegally using military-grade weapons and for drug offenses. Authorities estimate the network sold over 1,000 firearms both within Vietnam and internationally, including to buyers in Laos and Cambodia. The criminal operation was highly organized, using social media platforms like Facebook, Zalo, and YouTube to advertise and sell weapons sourced from China, Laos, and Cambodia. The suspects ""maintained ties with international arms suppliers,"" and imported parts from abroad in order ""to complete the weapons"" (suggesting firearm conversion).

According to Tuoi Tre, the arms dealers advertised and facilitated illegal transactions through fake social media profiles, providing non-registered phone numbers for potential buyers to make contact. Buyers could easily select the type of weapon they wanted, provide their details or reach out directly via phone or virtual nicknames, and transfer money to the seller. Once an order was placed, the traffickers would disassemble the weapons, pack the parts into multiple parcels, and ship them through various channels, including express delivery services, motorbike couriers, passenger vehicles, and trains. URL: 

VNExpress reported that the focus of the operation took place in Yen Khanh, Ninh Binh Province. The chief suspect, Vu Anh Tu, imported many types of toy guns from abroad, changed the internal components (such as reinforcing the gun barrel and adding a firing pin), then applied a new layer of paint. A toy gun cost 200,000 VND to buy, and 400,000 VND for accessories. After being ""modified"", it is sold for the lowest price of 5 million VND, and the average price is 10-15 million VND. If the customer wants to assemble it, Tu and his juniors will import expensive components to do it according to instructions, earning 70-80 million VND, some guns cost more than 100 million VND. Vu relied on six lieutenants to collect the profits from the sales, which was paid out to dozens of affiliates in monthly salaries ranging between VND 5-7 million.The suspects communicated using fake social media accounts or junk SIM cards, and never met in person; they coordinated via a private chat group, and paying their salaries via bank cards. Customers provided their contact information, transfer money via bank account or ship COD (receive goods, check and then pay the delivery staff). The suspects ""had close ties with suspects in arms trafficking in Cambodia and Laos."" 

Images showed hundreds of rifles (possibly toy/airsoft), dozens of Chinese ZP-5 toy revolvers, AR- and AK-pattern assault rifles (ARP9 airsoft), ammunition, pen guns, high-quality gas rifles, a shotgun, a Glock pistol. ","~480 converted toy revolvers/pen guns (craft handguns; approximate)
~48 rifles/airsoft rifles/gas rifles (craft rifles; approximate)
1 shotgun 
1 Glock pistol
2 grenades (unspecified)
37,000 rounds of ammunition","Criminal Organization
Police","Criminal organization (transnational arms trafficking ring, led by Vu Anh Tu); Police","Criminal, State",,1,,,,1,,,,,,,,,,2,,,,37000,480,48,,,,"Crime, Online, Smuggling, Conversion",Drug trafficking,671,https://en.sggp.org.vn/massive-weapons-trafficking-ring-dismantled-over-500-firearms-seized-post113658.html
7,VNM.2024.11.01.001,Illicit manufacture,PCP air-rifle parts trafficker traced to Thai Nguyen machine shop,01 November 2024,"Thuong Dinh Commune, Phu Binh District, Thai Nguyen",21.4996069003588,105.904143390599,"Police seized 69 PCP air-rifle barrels from N.T.H. during a vehicle check in Thuong Dinh Commune, Phu Binh District, Thai Nguyen on 1 November 2024. He then surrendered a further cache at his home, comprising 1 assembled PCP air gun, 176 additional barrels, 480 assembly components, 5 boxes of lead pellets, 17 rounds of ammunition, and gun-building accessories (scopes, frames, grips). H told police he had been buying components since January 2024 to build and sell PCP air guns, and had commissioned a machine shop to manufacture barrels. Investigators traced the shop to Glotech Mechanical Workshop in Song Cong City, owned by L.V.H (born 1992), where a search recovered 885 further unassembled gun components.","1 PCP air rifle (craft rifle)
17 rounds of sporting ammunition
245 unassembled rifle barrels
1,365 additional unassembled components
5 boxes of lead pellets.","Criminal Individual
Police","Criminal Individual (N.T.H., born 1990; L.V.H., born 1992); Police (Thai Nguyen Provincial Police Criminal Police Department, Thuong Dinh Commune Police).","Criminal, State",,,,,,,,,,,,,,,,,,,,17,,1,,,,"Online, Crime",,1.17,https://cand.vn/buon-ban-vu-khi-tren-mang-xa-hoi-hiem-hoa-tu-nhung-hoi-nhom-kin-post750165.html
7,VNM.2024.10.31.001,Seizure,Four teenagers stopped with craft rifle during street cruising in Hoa Binh,31 October 2024,"Hoa Binh City, Hoa Binh",20.8346657728291,105.342908907818,"Police seized a craft air rifle from four teenagers — Truong Dai H., Do Thanh B., Mai Tuan Ng., and Vu Viet Tr. — riding unregistered motorbikes through Hoa Binh City on 31 October 2024, after online monitoring flagged the group. One of the four had a prior citation for theft; police also impounded two motorbikes.",1 craft rifle.,"Gang
Police","Gang (Truong Dai H., born 2009; Do Thanh B., born 2008; Mai Tuan Ng., born 2008; Vu Viet Tr., born 2009); Police (Hoa Binh City Police).","Criminal, State",,,,,,,,,,,,,,,,,,,,,,1,,,,,,1,https://cand.vn/xu-ly-nhom-thanh-thieu-nien-mang-vu-khi-di-chay-pho-post749000.html
0,VNM.2024.10.29.001,Illicit manufacture,Police Dismantle Gun Conversion Network Selling Converted Revolvers in Ho Chi Minh City,29 October 2024,"Phu My, District 7, HCMC",10.71137463992,106.736326023054,"Police seized at least 20 firearms (including 13 'dangerous toys'), eight gun bodies, 17 rounds of ammunition, and modification equipment when they arrested 13 members of a suspected gun trafficking network. Police first arrested Le Nguyen Hanh, seizing a revolver and six rounds of ammo from him. An inspection of his residence led to the seizure of 12 'dangerous toy' pistols [revolvers], one gun frame, and modification tools.

The suspect confessed he bought the guns online, hired someone to modify them, and sold them to customers in the HCMC area and beyond. Police subsequently worked to bring down the network, arresting 12 other suspects (including two suspected firearm converters). An additional suspect surrendered with three revolvers and two gun frames. Images showed 13 ZP-5 revolvers and one revolver frame. 

According to Cong An HCMC, Hanh bought the weapons over the website www.shopcucsuc.com, using a bank account attached to a different name to pay for the items. They contacted one of the other suspects, Nguyen Van Khanh, to modify the weapons to fire live ammunition over the Facebook group ""ZP5-SKY-R8"". They paid the modifier VND 500,000 per gun and used a courier service to ship eight guns to the modifier's residence in Thanh Thoi, Bao Thuan, Ba Tri, Ben Tre Province. Khanh converted six of the guns and discarded two which had broke. He did not return the weapons and instead sold them on for profit (about VND 2 million per weapon).","16 converted 'ZP-5' revolvers (craft handguns)
1 revolver frame
17 rounds of ammunition","Criminal Organization
Police",Criminal organization (gun conversion and trafficking network); Police,"Criminal, State",,,,,,,,,,,,,,,,,,,,17,26,1,,,,"Crime, Online, Conversion",Criminal services,14.17,https://tuoitre.vn/triet-pha-nhom-do-sung-do-choi-thanh-vu-khi-quan-dung-de-ban-20250114145836201.htm
0,VNM.2024.10.28.001,Seizure,Police Seize Revolver From Individual With Prior Drug Record in Gia Lai,28 October 2024,"An Binh, An Khe, Gia Lai",13.9599724710874,108.662572799559,"Police seized a revolver and 12 rounds of ammunition from Nguyen Van Than during an ""administrative inspection"" of a friend's residence where the suspect was residing. The suspect, who had a criminal record for transporting drugs, fled but was arrested in March 2025. He purchased the weapon online for VND 4.5 million in early October 2024.","1 revolver
12 rounds of ammunition","Criminal Individual
Police",Criminal individual; Police,"Criminal, State",,,1,,,,,,,,,,,,,,,,,12,,,,,,"Crime, Online",,1.12,https://www.sggp.org.vn/len-mang-mua-sung-dan-ve-phong-than-post784706.html
7,VNM.2024.10.22.001,Seizure,Group flees to Thai Nguyen after shooting at bystanders outside Cao Bang hotel,22 October 2024,"Hop Giang Ward, Cao Bang City, Cao Bang",22.6646446559906,106.256429155119,"Police seized a revolver after Bui Trung Kien fired toward bystanders during an argument over a debt dispute outside the La Maison Hotel in Hop Giang Ward, Cao Bang City on 22 October 2024. Nearby residents had asked them to quiet down before he fired the shots, seemingly intended to scare off bystanders. The group then fled by car toward Thai Nguyen. Police caught one member, Bui Chi Thanh, that same night, and the following afternoon persuaded the remaining four to turn themselves in. Kien had hidden the handgun after the incident but surrendered it during questioning. Kien and his associates were formally charged on 23 November 2024.",1 revolver.,"Criminal Individual
Police","Criminal Individual (Bui Trung Kien, born 1998; Bui Chi Thanh, born 1985; Pham Doanh Phuong, born 1999; An Van Thien, born 1993; Duong Hong Nghia, born 1997); Police (Cao Bang City Police, Cao Bang Provincial Security Investigation Agency, Bac Kan Provincial Police, Thai Nguyen Provincial Police).","Criminal, State",,,1,,,,,,,,,,,,,,,,,,,,,,,Interpersonal dispute,,1,https://cand.vn/khoi-to-doi-tuong-no-sung-trai-phep-trong-dem-post751097.html
7,VNM.2024.10.17.001,Seizure,Hanoi drug ring caught with five firearms including an AK-pattern rifle,17 October 2024,"Mai Dong Ward, Hoang Mai District, Hanoi",20.9901989080277,105.862167765806,"Police seized an AKMS assault rifle, a converted revolver, three rifles, and 26 rounds of ammunition from Nguyen Duy Khanh and his wife Nguyen Thi Nhu Hao during a search of their home in Mai Dong Ward, Hoang Mai District, Hanoi on 17 October 2024. The couple were arrested on suspicion of being part of a drug trafficking ring run by Dang Manh Phu (born 1970) and Le Thi Mai Ly (born 1973), who were caught in a separate raid nearby with 322 grams of heroin and 10.32 grams of methamphetamine; investigators noted the group routinely carried weapons to resist arrest during drug handoffs, and Ly had used her hospital inpatient treatment as cover to travel to meet buyers.","1 AKMS assault rifle
1 converted revolver (craft handgun)
3 rifles
26 rounds of .22 caliber ammunition.","Criminal Organization
Police","Criminal Organization (Dang Manh Phu, born 1970; Le Thi Mai Ly, born 1973; Nguyen Duy Khanh, born 1983; Nguyen Thi Nhu Hao, born 1986); Police (Hanoi Police Narcotics Investigation Department).","Criminal, State",,,,1,3,,,,,,,,,,,,,,,26,1,,,,,Conversion,Drug trafficking,14.76,https://cand.vn/loi-dung-chua-benh-de-mua-ban-trai-phep-chat-ma-tuy-post750167.html
0,VNM.2024.10.05.001,Illicit transfer,Police Seize Air Rifles From Bird-Hunting Suspects in Can Tho,05 October 2024,"Thoi Trinh, Thoi An, O Mon, Can Tho",10.1449843608558,105.654446565235,"Police seized eight ""hunting rifles"" (compressed air/gas rifles) when they charged six individuals suspected of illegally buying and selling firearms. One suspect handed over two of the rifles to police after he was investigated for buying 3 kilograms of lead pellets over social media. He admitted to buying the items in order to hunt birds. His testimony led to siezure of an additional six air rifles and 2,741 pellets as well as charges against five additional suspects.","8 air rifles (craft rifles)
2,741 pellets (not counted as live ammunition)","Criminal Organization
Police",Criminal organization (bird-hunting resale group); Police,"Criminal, State",,,,,,,,,,,,,,,,,,,,,,8,,,,"Crime, Online",Environmental crime,8,https://www.qdnd.vn/phap-luat/cac-van-de/nhieu-giai-phap-trong-thu-hoi-vu-khi-vat-lieu-no-o-thanh-pho-can-tho-797391
0,VNM.2024.10.01.001,Seizure,Police Seize AK-Pattern Rifles and Pistols From Criminal Kingpin's Kidnapping Plot in Ho Chi Minh City,01 October 2024,"Diamond Islands, Binh Trung Tay, Thu Duc City, HCMC",10.778146961388,106.746146586944,"Police seized 11 firearms and over 1,400 rounds of ammunition when they arrested 16 individuals suspected of various crimes, including the illegal manufacture, purchase, sale, transportation and storage of military weapon, fraud, property appropriation, and gambling.

VNExpress reported that the seizure was part of a high profile operation to arrest a notorious criminal kingpin, Pham Duc Binh (alias Binh Kiem), who intended to orchestrate the kidnapping of ""famous models and singers"" and force them to commit recorded sexual acts, which would then be sent to affiliates in the United States and put on pornography websites for monetization. To do so, he attempted to organize the purchase of several firearms, including AK-pattern rifles, and ammunition abroad and smuggle them into Vietnam. Binh Kiem, a former soldier, previously served a long sentence for kidnapping a businessman in 2005. 

VNExpress further reported that Binh Kiem employed an associate, Nguyen Tuan An, to procure weapons in Laos and bring them back to Vietnam. Laotian police arrested An in Laos with the firearms. In total, police seized three AK-pattern assault rifles, eight pistols, over 1,400 rounds of ammunition, five magazines, five bulletproof vests, and drugs. Images showed one Beretta M92 pistol, one Type 56-1 assault rifle, one AKMS assault rifle, and ammunition.

An additional VNExpress report said that Binh Kiem ordered his associates to seek out firearms in early July 2024, particularly firearms of ""Western European"" origin. In one instance, he associates were defrauded by an individual claiming to possess an AK rifle, soliciting VND 18 million VND for the rifle, VND 6 million for two magazines, and VND 3.3 million for 100 rounds of ammunition from the suspects. The individual made off with the payment to payoff personal debts and expenses. The transaction took place over Zalo messenger. 

Additional reporting provided more details about Binh and the scheme. Binh (55, from Quang Ninh) earned the nickname ""Kiem"" from a stint in an HCMC military police battalion; before 1991 he used his position as a soldier to steal and trade unit weapons. After discharge he led a gang running protection rackets, loan-sharking, and gambling dens in Ho Chi Minh City, at one point rivaling mob boss Truong Van Cam. His record includes a 1996 escape from a labor camp, further gambling and assault convictions through the 2000s, and a 2004 kidnapping of Tram Trong Ngan, son of businessman Tram Be, for a $10 million ransom, using an AK rifle, five handguns, over 400 rounds, and two grenades — for which he was ultimately sentenced to 30 years. 

He completed that sentence and was released on April 7, 2024, after which the Ministry of Public Security's Criminal Police Department (C02) placed him under surveillance; he and his associates regularly gathered at a luxury apartment on Kim Cuong (Diamond) Island in Thu Duc City. Described as paranoid and trusting almost no one, he avoided drugs, alcohol, and gambling, and was said to be fixated specifically on high-lethality Western European military firearms. To build a public image he had associates fund events, shows, and charity work; he reportedly conceived the kidnapping-extortion scheme while still in prison, planning to force each victim to produce 12 fifteen-minute episodes (one released monthly) for paid distribution on adult websites, and to have a lawyer draft consent paperwork to cover himself legally.

The weapons case prosecutors ultimately charged as three separate arms trafficking incidents between April and October 2024. In the Laos deal, Nguyen Tuan An (42) bought one AK rifle, four magazines, 250 rounds of 9mm ammunition, and 242 rounds of AK ammunition for VND 227 million. Lao authorities separately arrested and charged the Laos-based seller, identified as Lao-Vietnamese national Somsak Thanuvong, along with other buyers who had purchased weapons from him. 

Separately, in early July 2024 an old prison contact, Nam Phuong (55), introduced Binh to Huynh Hoang Vu (53, alias ""Vu Meo""), who gave Binh a Beretta pistol and 13 rounds as a gift at a goat hot-pot restaurant owned by Chu Van Hoang Anh (35). Binh had Hoang Anh hide the weapon, which Hoang Anh eventually buried in his father's garden in Lam Dong province, where investigators recovered it on October 30, 2024. 

A third case involved Binh asking Tran Dinh Thien to source a weapon. Thien enlisted Le Minh Nghia, who instead defrauded Thien of at least 21.3 million VND over Zalo without delivering a weapon.","3 AK-pattern assault rifles (Type 56-1, AKMS)
1 shotgun
8 pistols (incl. one Beretta M92, one TT pistol, and one revolver)
1,400+ rounds of ammunition
5 magazines and 5 bulletproof vests (not tallied)","Criminal Organization
Former police/soldier
Police",Criminal organization (led by former soldier 'Binh Kiem'); Former police/soldier (ringleader); Police,"Criminal, State",,8,,3,,1,,,,,,,,,,,,,,1400,,,,,,"Crime, Smuggling","Human trafficking, Illicit business",39,https://tuoitre.vn/bat-16-nguoi-che-tao-mua-ban-vu-khi-quan-dung-thu-giu-11-khau-sung-1-400-vien-dan-20241209195118605.htm
8,VNM.2024.09.18.001,Illicit manufacture,Police raid arms conversion workshop in An Giang,18 September 2024,"My Long Ward, Long Xuyen City, An Giang",10.3773815506204,105.445412315352,"Police seized two converted guns along with gun-making components, artillery-shell casings, sporting-round casings, and suspected drugs from Lam Thanh Triet when they searched an unregistered house in My Long Ward, Long Xuyen City, An Giang on 18 September 2024 and; a related search days later recovered a separate revolver and 12 rounds from an associate's home.

Investigators found Triet had bought Sky- and ZP5-brand model guns online from late 2023, watched videos on converting plastic-pellet guns to fire live rounds, then assembled and test-fired the converted weapons before selling or gifting them: he sold a converted revolver with 6 rounds to Tran Van Duong for VND 1 million, which changed hands to Nguyen Minh Tai and then Nguyen Minh Tan. A second, incomplete converted gun sold to Duong for VND 1.5 million misfired and was returned to Triet; and a third gun given to an acquaintance was later taken by an untraced third party. A separate revolver bought online in 2021 by Tran Van Thanh Toan — unconnected to Triet's manufacturing — was also seized after Toan brought it to Triet for repair days before the raid. A court in An Giang sentenced Triet in April 2025 to two years nine months for illegal manufacture, possession, use, and sale of a military weapon, with Toan, Duong, Tai, and Tan receiving lesser terms.",3 converted revolvers (craft handguns); 1 flare/cap gun (craft handgun); ~25 rounds of ammunition.,"Criminal Individual
Police","Criminal Individual (Lam Thanh Triet, born 1989; Tran Van Thanh Toan, born 2000; Tran Van Duong, born 1992; Nguyen Minh Tai, born 1994; Nguyen Minh Tan, born 2001); Police (Long Xuyen City Police, An Giang Provincial Police).","Criminal, State",,,,,,,,,,,,,,,,,,,,25,4,,,,,"Conversion, Online, Crime",,2.25,https://tuoitre.vn/plo/lanh-an-vi-mua-linh-kien-ve-che-tao-sung-roi-dem-ban-109845009.htm
0,VNM.2024.08.15.001,Seizure,Police Seize Craft Firearm After Man Shoots Spouse in Ha Giang,15 August 2024,"Khuoi Ken, Minh Son, Bac Me, Ha Giang",22.869644104298,105.172636876669,Police seized a craft production weapon when they arrested a man suspected of using the weapon to shoot his spouse. The suspect was found hiding in a forested area to evade capture.,1 craft production firearm (craft handgun; exact form factor unconfirmed),"Criminal Individual
Police",Criminal individual (domestic violence suspect); Police,"Criminal, State",,,,,,,,,,,,,,,,,,,,,1,,,,,"Domestic violence, Crime",,0.5,https://baophapluat.vn/ke-dung-sung-ban-vo-ben-mam-com-bi-bat-giu-post522234.html
7,VNM.2024.08.15.002,Destruction,District police destroy amnesty-collected weapons cache in Ba Ria-Vung Tau,15 August 2024,"Xuyen Moc District, Ba Ria - Vung Tau",10.5527899046536,107.456573440888,"Xuyen Moc District Police destroyed a cache of weapons, explosives, and support tools collected from residents on 15 August 2024, including 30 hunting and homemade air guns and 280 rounds of ammunition. The destruction followed the district's ongoing public outreach campaign encouraging voluntary surrender of illegally held weapons, explosives, and support tools.","30 craft rifles
280 rounds of ammunition.","Civilian Community
Police",Civilian Community (residents who voluntarily surrendered items in the district's collection campaign); Police (Xuyen Moc District Police).,"Other, State",,,,,,,,,,,,,,,,,,,,280,,30,,,,,,32.8,https://cand.vn/tieu-huy-nhieu-vu-khi-vat-lieu-no-cong-cu-ho-tro-post740560.html
6,VNM.2024.08.14.001,Seizure,Driver stopped with two firearms en route to resolve dispute in Binh Phuoc,14 August 2024,"Thuan Phu Commune, Dong Phu District, Binh Phuoc",11.5920343010729,106.888624227398,"Police seized two converted handguns guns and 16 rounds of ammunition from Leo Minh Hieu when they stopped his car at a toll checkpoint on Route 741 in Thuan Phu Commune, Dong Phu District, Binh Phuoc on 14 August 2024. Hieu told police he had bought both guns and the ammunition online and was carrying them while traveling to Ho Chi Minh City to resolve a personal dispute, intending to use them if necessary; forensic analysis later confirmed the weapons were military-pattern firearms capable of causing injury or death, and he was charged with illegal possession of a military weapon.","1 converted revolver (craft handgun)
1 converted Zoraki 906 blank-firing pistol (craft handgun)
16 rounds of ammunition.","Criminal Individual
Police","Criminal Individual (Leo Minh Hieu, born 1999); Police (Binh Phuoc Provincial Police Narcotics Investigation Department, Traffic Police, Mobile Police, Dong Phu District Police, Thuan Phu Commune Police).","Criminal, State",,,,,,,,,,,,,,,,,,,,16,2,,,,,"Online, Interpersonal dispute, Conversion",,1.16,https://cand.vn/mua-sung-tren-mang-de-giai-quyet-mau-thuan-post751320.html
0,VNM.2024.08.13.001,Illicit transfer,Police Seize Two Revolvers From Suspects During Traffic Stop in Dong Nai,13 August 2024,"Bui Huu Nghia Street, Hoa An Ward, Bien Hoa City, Dong Nai",10.9392311037658,106.811807120198,"Police seized two revolvers and six rounds of ammunition from three suspects thought to be selling weapons. Police seized the first revolver when a traffic control detail tested two individuals positively for drugs; one of the suspects admitted he was carrying a weapon which he had been tasked with selling on behalf of another individual. When police inspected the residence of that individual, they found an additional revolver.",2 revolvers (unspecified),"Criminal Individual
Police",Criminal individuals (small resale group); Police,"Criminal, State",,,2,,,,,,,,,,,,,,,,,,,,,,,Crime,,2,https://baophapluat.vn/cong-an-dong-nai-phat-hien-2-nghi-can-mang-sung-rulo-di-chao-ban-post521950.html
2,VNM.2024.08.05.001,Illicit manufacture,Craft revolver found in gambling raid opens door to interprovincial arms trafficking network,05 August 2024,"Luong Phi Commune, Tri Ton District, An Giang",10.4471734955696,104.925299412728,"Police seized one craft revolver loaded with six rounds from Le Chi Hao during a raid on his father's home prompted by a gambling investigation in Luong Phi Commune, Tri Ton District, An Giang on 5 August 2024. Officers also found drug paraphernalia. Hao admitted that he bought 19 toy-model guns online since September 2023 for between VND 600,000 and 700,000 each and converted them into functioning firearms with machined steel barrels and cylinders. He then resold them nationwide via social media and courier delivery for between VND 4,000,000 to 8,000,000.

Between 13 August to 7 September, Police arrested 30 suspects and seized 16 ZP-5 converted revolvers, 2 SKY converted revolvers, and 2 pen guns, and 132 rounds of ammunition along with various other weapons and roughly 100.86 grams of methamphetamine, in a sweep across An Giang, Kien Giang, Long An, Binh Duong, and Ho Chi Minh City.

On 16 July 2025, the An Giang Provincial People's Court convicted 31 defendants in the related drug and weapons case, sentencing Huynh Phuc Duc — identified as leader of a drug ring — to 22 years, and Phan Thanh Nguyen to 20 years for illegal possession and use of a military-pattern firearm; Hao himself received 13 years.","17 converted ZP-5 revolvers
2 SKY converted revolvers
2 pen guns
138 rounds of ammunition.","Criminal Individual
Criminal Organization
Police","Criminal Individual (Le Chi Hao, born 2005 — perpetrator, convicted); Criminal Organization (Huynh Phuc Duc — drug ringleader, convicted; Duong Hoa Hai, Phan Thanh Nguyen, and 28 other co-defendants — convicted); Police.","Criminal, State",,,,,,,,,,,,,,,,,,,,138,21,,,,,"Crime, Online, Conversion","Drug trafficking, Illicit business",11.88,https://cand.vn/triet-pha-duong-day-che-tao-mua-ban-tang-tru-vu-khi-quan-dung-lien-tinh-post753184.html
0,VNM.2024.08.01.001,Seizure,Police Seize Pistol and Grenade From Drug Trafficking Ring in Ho Chi Minh City,01 August 2024,"Phu Lam Park, Ward 13, District 6, HCMC",10.7482684485298,106.624514575059,"Police seized 1 grenade, 1 pistol, and 12 rounds of ammunition along with 13.5kg of drugs and counterfeit money when they arrested 11 members of a suspected drug trafficking ring. The group allegedly smuggled drugs from Laos into Vietnam. 

According to Cong An HCMC, one of the chief suspects apparently used fake identities to operate and gave misleading responses when arrested and interrogated. ","1 pistol (unspecified)
1 grenade (unspecified)
12 rounds of ammunition","Criminal Organization
Police",Criminal organization (drug trafficking ring); Police,"Criminal, State",,1,,,,,,,,,,,,,,1,,,,12,,,,,,"Crime, Smuggling","Drug trafficking, Illicit goods",6.12,https://www.sggp.org.vn/cong-an-triet-pha-duong-day-ma-tuy-san-xuat-tien-gia-tang-tru-vu-khi-post752118.html
7,VNM.2024.07.24.001,Seizure,Man charged over military-pattern ammunition cache in Binh Phuoc,24 July 2024,"Tan Tien Commune, Dong Phu District, Binh Phuoc",11.9347110613108,106.752629926553,"Police seized 10 rounds of 5.56mm and 7.62mm ammunition along with drug paraphernalia from Ho Thien Trung (born 2002) during a tip-off-prompted search of his home in Tan Tien Commune, Dong Phu District, Binh Phuoc on 24 July 2024. He was charged on 30 October 2024 with illegal possession of a military weapon.","2 rounds of 7.62mm ammunition
5 rounds of 5.56mm ammunition
3 rounds of unspecified ammunition.","Criminal Individual
Police","Criminal Individual (Ho Thien Trung, born 2002); Police (Tan Tien Commune Police, Dong Phu District Investigative Police, Binh Phuoc Provincial Security Investigation Agency).","Criminal, State",,,,,,,,,,,,,,,,,,,,10,,,,,,Crime,,0.1,https://cand.vn/bat-giam-doi-tuong-tang-tru-dan-post748742.html
2,VNM.2024.07.23.001,Seizure,Scrap collector jailed for hoarding 170 rounds of ammunition found at old Phu Quoc airport,23 July 2024,"Duong Dong Ward, Phu Quoc City, Kien Giang",10.225090563011,103.970200070237,"Police seized 170 rounds of military-caliber ammunition and one AR-15 magazine from Nguyen Thanh Khen after he was caught using illegal drugs in Duong Dong Ward, Phu Quoc City, Kien Giang, on 23 July 2024. He apparently scavenged the items from the site of the old Phu Quoc airport in September 2022. On 17 January 2025, the Kien Giang Provincial People's Court convicted Khen of illegally possessing a military-pattern firearm and sentenced him to 24 months in prison.",170 rounds of ammunition.,Police,"Police (Duong Dong Ward Police, Phu Quoc City Police, Kien Giang Provincial Security Investigation Agency).",State,,,,,,,,,,,,,,,,,,,,170,,,,,,,,1.7,https://cand.vn/lanh-an-tu-vi-nhat-duoc-gan-200-vien-dan-nhung-dem-cat-giau-post756862.html
0,VNM.2024.07.20.001,Illicit transfer,Man Sentenced for Fatal Misfire With Illegal Firearm in Da Nang,20 July 2024,"Hoa Quy, Ngu Hanh Son, Da Nang",15.9858805831101,108.264584810065,"The authorities sentenced a man for misfiring and killing a suspected chicken thief as he pursued one of their accomplices in Hoa Quy, Ngu Hanh Son, Da Nang Province. The man purchased the weapon, described as a ""sports weapon"" over social media. The man contacted an acquaintance to dispose of the weapon, who threw it in the Co Co River.",1 firearm ('sports weapon'),Criminal Individual,Criminal individual,Criminal,1,,,,,,,,,,,,,,,,,,,,,,,,,Crime,,1,https://baophapluat.vn/sung-cuop-co-doat-mang-ke-trom-ga-chu-nha-lan-ban-deu-lanh-an-post520971.html
9,VNM.2024.07.20.002,Seizure,"Police seize pen guns, revolver from man following altercation in Hanoi",20 July 2024,"Tho Quan Ward, Dong Da District, Hanoi",21.0169000655411,105.833543276973,"Police seized three pen guns, three unspecified firearms, six gun barrels, and 44 rounds of ammunition from Nguyen Quoc Viet after he fired a pen gun during a confrontation at a pho restaurant in Tho Quan Ward, Dong Da District, Hanoi on 20 July 2024. Viet believed two men at a nearby table were harassing him while he was eating at a restaurant. He drew a pen gun and confronted them, firing it into the ground. He rode off on his motorbike but returned to the restaurant to confront the two men again, brandishing the pen gun at other customers until a scuffle knocked him down and the gun fell from his hand.

Police responded and arrested Viet at the scene. A subsequent search of his home turned up two further pen guns with 17 rounds, six gun barrels, three additional military-grade firearms, and 27 more rounds. Viet, who had three prior convictions for theft and assault, was charged by Dong Da District Police with illegal possession and use of a military-grade weapon.","3 pen guns (craft handguns)
1 converted revolver (craft handgun)
2 unspecified firearms
44 rounds of ammunition","Criminal Individual
Police","Criminal Individual (Nguyen Quoc Viet, born 1980); Police (Dong Da District Police Criminal Investigation Team, Tho Quan Ward Police).","Criminal, State",2,,,,,,,,,,,,,,,,,,,44,4,,,,,"Conversion, Interpersonal dispute, Crime",,4.4399999999999995,https://tuoitre.vn/plo/no-sung-trong-quan-pho-vi-cho-la-bi-nhin-deu-109804511.htm
2,VNM.2024.07.03.001,Seizure,"Police seize pistols, shotgun, pen guns after gang brawl at Ho Chi Minh City café",03 July 2024,"Hoa Thanh Ward, Tan Phu District, HCMC",10.7844070806209,106.639295986999,"Police seized one craft firearm, two pen guns, a hunting shotgun and a support-tool handgun along with other assorted weapons after more than 60 men riding roughly 30 motorbikes attacked a café at 46 Thoai Ngoc Hau Street, Hoa Thanh Ward, Tan Phu District, Ho Chi Minh City on 3 July 2024. The incident injured one customer and damaged the premises. The attack stemmed from a personal dispute between Nguyen Van Phi Truong and Ho Van Hien, with Truong and an associate, Pham Tran Quoc Toan, rallying the group and traveling roughly 19km to confront Hien, whom they mistakenly believed frequented the café.

Police arrested some suspects within hours and, by 29 July 2024, had formally charged 37 people with public-order disturbance and illegal possession of a military-pattern firearm, while continuing to identify more than 20 other suspects.","1 craft shotgun
1 converted blank-firing pistol (craft handgun)
1 converted ZP-5 revolver (craft handgun)
2 pen guns (craft handguns)
10 rounds of ammunition.","Gang
Police","Gang (Nguyen Van Phi Truong, born 2004 — arrested; Pham Tran Quoc Toan, born 2002 — arrested; more than 60 associates, 37 formally charged); Police (Tan Phu District Police Investigation Department, Ho Chi Minh City Police).","Criminal, State",,,,,,,,,,,,,,,,,,,,10,4,,1,,,"Crime, Gang violence, Interpersonal dispute, Conversion",,2.6,https://cand.vn/bat-tam-giam-37-doi-tuong-gay-roi-va-tang-tru-trai-phep-vu-khi-quan-dung-post738892.html
9,VNM.2024.06.19.001,Seizure,"Police seize nine handguns, two rifles, and four grenades from man in Tra Vinh",19 June 2024,"Cau Ngang Town, Cau Ngang District, Tra Vinh",9.79492558743854,106.452181394645,"Police seized nine handguns, two rifles, four hand grenades, a homemade crossbow, and 51 rounds of ammunition from Nguyen Thien Khiem's home in Cau Ngang Town, Cau Ngang District, Tra Vinh on 19 June 2024. Acting on intelligence, police searched Khiem's residence at Minh Thuan A Hamlet and recovered the weapons cache along with related items. Khiem told police he had purchased the entire stockpile on social media for a total of VND 16.6 million.","5 Korth Sky revolvers
1 revolver
3 converted pistols
2 air rifles (craft rifles)
4 F-1 hand grenades
51 rounds of ammunition","Criminal Individual
Police","Criminal Individual (Nguyen Thien Khiem, born 1994 or 1995 -- see Discrepancies); Police (Cau Ngang District Police Criminal, Economic, and Drug Investigation Team, Cau Ngang Town Police).","Criminal, State",,,6,,,,,,,,,,,,,4,,,,51,3,2,,,,"Online, Crime",,30.01,https://tuoitre.vn/plo/phat-hien-thanh-nien-tang-tru-kho-sung-luu-dan-trong-nha-109796596.htm
0,VNM.2024.06.18.001,Illicit manufacture,Police Dismantle Online Air Rifle Trafficking Network in Bac Giang,18 June 2024,"Tan Yen, Bac Giang",21.3865208061488,106.127468721119,"Police seized  2 gun component manufacturing machines, 2 gun testing and calibration machines, 9 hunting guns, 619 hunting gun components, 6,000 rounds of ammunition, 3 gun air compressors, 16 pre-packaged parcels (with hunting gun components inside), and many other production equipment when they arrested six members of a suspected online gun trafficking network. Police first detected the network through monitoring ""cyberspace."" The suspects confessed that ""after ordering hunting guns and gun parts and accessories, they transported and hid them in a secret warehouse to avoid detection."" The suspects sold the weapons over social media platforms (YouTube, Zalo, and Facebook) and coordinated with customers using fake SIM cards/phone numbers. They dispatched shipments through freight forwarding services. Images showed several high-quality air rifles, various rifle parts and components, and a lathe.","9 hunting/air rifles (craft rifles)
619 gun components (not tallied)
6,000 rounds of ammunition","Criminal Organization
Police",Criminal organization (air rifle manufacturing/trafficking network); Police,"Criminal, State",,,,,,,,,,,,,,,,,,,,6000,,9,,,,"Crime, Online",,69,https://tuoitre.vn/bat-nhom-tang-tru-mua-ban-sung-san-so-luong-lon-20240618163434437.htm
0,VNM.2024.06.13.001,Seizure,Police Seize Pistol and Three Converted Revolvers From Robbery Fugitives in An Giang,13 June 2024,"Trung Hung, My Thoi, Long Xuyen City, An Giang",10.3418819899072,105.465804840128,Police seized four firearms along with other blunt weapons and a sachet of suspected drugs when they arrested two fugitive suspects. The suspects were wanted for a December 2022 robbery of a pawn shop. Video showed a Colt M1911 pistol and three ZP-5 revolvers.,"1 Colt 1911 pistol 
3 converted 'ZP-5' revolvers (craft handguns)
Unspecified quantity of ammunition","Criminal Individual
Police",Criminal individuals (fugitives); Police,"Criminal, State",,1,,,,,,,,,,,,,,,,,,,3,,,,,"Crime, Conversion",,2.5,https://tuoitre.vn/bat-hai-ten-cuop-tang-tru-nhieu-sung-bi-truy-na-dac-biet-20240615140033414.htm
2,VNM.2024.06.06.001,Seizure,"Father and son jailed over AK, AR-15 'keepsake' rifles in Kien Giang",06 June 2024,"An Minh Bac Commune, U Minh Thuong District, Kien Giang",9.61608277660043,105.041474938416,"Police arrested Nguyen Trung Thuc after he used an AR-15-pattern rifle to threaten his wife at a relative's home in An Minh Bac Commune, U Minh Thuong District, Kien Giang, on 6 June 2024. A subsequent search of his home in neighboring An Minh District recovered a folding-stock AK-pattern rifle; forensic analysis confirmed both weapons were military-pattern firearms.

Thuc had taken the AR-15 from his father, former hamlet chief Nguyen Viet Hung, who received it along with four rounds of ammunition in 1998 to help with local security duties and kept it after retiring in 2007 instead of surrendering it, alongside an AK-pattern rifle gifted to him as a keepsake by an uncle in 1983. On 2 January 2025, the Kien Giang Provincial People's Court convicted both men of illegal possession and transport of a military-pattern firearm, sentencing Thuc to 18 months and Hung to 12 months in prison.","1 AR-15 assault rifle
1 Type 56-1/2 assault rifle
4 rounds ammunition.","Criminal Individual
Police","Criminal Individual (Nguyen Trung Thuc, 35 — perpetrator, convicted; Nguyen Viet Hung, 64 — father, former hamlet chief, convicted); Police (An Minh Bac Commune Police, Kien Giang Provincial Security Investigation Agency).","Criminal, State",,,,2,,,,,,,,,,,,,,,,4,,,,,,Domestic violence,,10.04,https://cand.vn/giu-sung-lam-ky-niem-cuu-truong-ap-cung-con-trai-lanh-an-tu-post755333.html
10,VNM.2024.06.05.001,Seizure,Police seize nine craft guns from Laos-to-Vietnam drug trafficking ring in Nghe An,05 June 2024,"Ban Dua, Luong Minh Commune, Tuong Duong District, Nghe An",19.33866600368374,104.408054587219,"Police seized nine craft firearms from a drug trafficking ring near Ban Dua, Luong Minh Commune, Tuong Duong District, Nghe An on 5 June 2024. Police acted on intelligence that the group was colluding with contacts across the Laos border to run a narcotics-smuggling operation and raided the group in the forest. Officers arrested five suspects, all residents of Tuong Duong District: Luong Thi Da (born 1982, Yen Tinh Commune), Lo May Sao (born 1976, Luong Minh Commune), Xen Van Ngoc (born 2002, Tam Dinh Commune), Nguyen Van Thai (born 1990), and Vi Van Cong (born 1985, both of Xa Luong Commune). Alongside the weapons, police seized 988 synthetic drug pills and 39.9 grams of heroin. The investigation was ongoing at the time of reporting.",9 craft guns (type unspecified),"Criminal Organization
Police","Criminal Organization (Luong Thi Da, born 1982; Lo May Sao, born 1976; Xen Van Ngoc, born 2002; Nguyen Van Thai, born 1990; Vi Van Cong, born 1985); Police (Tuong Duong District Police, Nghe An Provincial Police Narcotics Investigation Division).","Criminal, State",9,,,,,,,,,,,,,,,,,,,,,,,,,"Crime, Smuggling",Drug trafficking,9,https://www.sggp.org.vn/pha-duong-day-ma-tuy-co-vu-khi-nong-chuyen-dua-hang-tu-lao-ve-viet-nam-post743708.html
6,VNM.2024.06.03.001,Seizure,Handgun surrendered during drug raid at rented room in Tra Vinh,03 June 2024,"Ward 9, Tra Vinh City, Tra Vinh",9.92391140457513,106.341238328229,"Police seized a converted revolver and 67 rounds of ammunition when they searched the rented room of Huynh Huu Nghia in Ward 9, Tra Vinh City on 3 June 2024. Nghia bought the weapon online for VND 25 million. The search also recovered suspected drugs and drug paraphernalia. Nghia and three others staying in the room — Phan Hoang Anh (who had rented it), Kim Thi Sa Vane, and Lam Thien Thanh — tested positive for drug use, and Hoang Anh admitted buying and using drugs earlier that day.","1 Zoraki R2-T-2 converted revolver (craft handgun)
67 rounds of ammunition.","Criminal Individual
Police","Criminal Individual (Huynh Huu Nghia, born 2002); Police (Tra Vinh City Police Narcotics Investigation Unit).","Criminal, State",,,,,,,,,,,,,,,,,,,,67,1,,,,,"Online, Crime, Conversion",,1.17,https://cand.vn/kiem-tra-phong-tro-phat-hien-nhom-doi-tuong-tang-tru-vu-khi-su-dung-ma-tuy-post733257.html
9,VNM.2024.06.02.001,Seizure,Police seize converted revolver in drug bust in An Giang,02 June 2024,"Long Xuyen City, An Giang",10.3781239002031,105.43955532321,"Police seized a ZP-5 converted revolver and seven rounds of ammunition from Le Thanh Xuyen's home after arresting him on drug charges in Long Xuyen City, An Giang on 2 June 2024. An expanded investigation led to the arrest of Duong Thanh Dong, an acquaintance from Can Tho who bought the weapon for him.

In March 2024, Xuyen asked Dong to buy him a revolver; Dong ordered one online for VND 4 million and delivered it three days later to Xuyen's home and was reimbursed. On 2 June, police caught Xuyen in the act of selling methamphetamine and searched his home, recovering the revolver, seven rounds, and three spent casings; forensic examination confirmed the revolver was a military-grade weapon and the rounds were sport-type ammunition.","1 ZP-5 converted revolver (craft handgun)
7 rounds of ammunition","Criminal Individual
Police","Criminal Individual (Le Thanh Xuyen, born 1990; Duong Thanh Dong, born 1996); Police (Long Xuyen City Police, An Giang Provincial Police Investigative Security Department).","Criminal, State",,,,,,,,,,,,,,,,,,,,7,1,,,,,"Online, Conversion",Drug trafficking,0.5700000000000001,https://tuoitre.vn/plo/mua-sung-rulo-dum-1-thanh-nien-o-can-tho-bi-bat-109814677.htm
0,VNM.2024.05.21.001,Seizure,Police Seize Pistol From Drug Trafficking Ring in Hanoi,21 May 2024,"Hang Bot, Dong Da, Hanoi",21.0222764271665,105.831022573945,Police seized one firearm and 23 bullets along with over 200 grams of heroin and over 100 grams of methamphetamine when they arrested four suspected members of a drug trafficking ring in Hanoi. Image showed one Type 54 pistol and several rounds of ammo. ,"1 Type 54 pistol
23 rounds of ammunition","Criminal Organization
Police",Criminal organization (drug trafficking ring); Police,"Criminal, State",,1,,,,,,,,,,,,,,,,,,23,,,,,,Crime,Drug trafficking,1.23,https://baophapluat.vn/phat-hien-o-nhom-mua-ban-ma-tuy-tai-ha-noi-thu-giu-sung-va-hang-chuc-vien-dan-post516507.html
8,VNM.2024.05.20.001,Seizure,Man surrenders after shooting at rival with pistol in Binh Thuan dispute,20 May 2024,"Ham Tri Commune, Ham Thuan Bac District, Binh Thuan",11.1120741984263,108.131994497718,"Police seized a revolver from Nguyen Vuong Anh Hieu in Ham Thuan Bac District, Binh Thuan on 20 May 2024. Hieu previously fired the weapon at a personal rival, identified only as K., outside K.'s home after a drinking session in Ham Tri Commune on 14 May 2024. Hieu turned himself in several days later. Investigators later determined Hieu had bought the pistol via Facebook in late 2022 for VND 3.5 million, which came with the six rounds.",1 ZP-5 converted revolver; 2 rounds of ammunition.,"Criminal Individual
Police","Criminal Individual (Nguyen Vuong Anh Hieu, born 2004); Police (Ham Thuan Bac District Police, Binh Thuan Provincial Police Security Investigation Agency).","Criminal, State",,,,,,,,,,,,,,,,,,,,2,1,,,,,"Interpersonal dispute, Online, Crime, Conversion",,0.52,https://tuoitre.vn/plo/de-nghi-truy-to-ke-dung-sung-ban-4-phat-vao-doi-thu-de-giai-quyet-mau-thuan-109828043.htm
8,VNM.2024.05.12.001,Illicit transfer,Man resells Facebook-purchased guns between Gia Lai and Dak Lak,12 May 2024,"Binh Giao Commune, Chu Prong District, Gia Lai",13.8197787264374,107.869762192202,"Police arrested Nguyen Tan Toan and seized two guns with ammunition in Binh Giao Commune, Chu Prong District, Gia Lai on 12 May 2024. Toan admitted buying the guns and ammunition on Facebook for VND 2.5 million and reselling them to a buyer in Dak Lak for a commission.",2 unspecified firearms; ammunition.,"Criminal Individual
Police","Criminal Individual (Nguyen Tan Toan, born 2000); Police (Chu Prong District Police, Gia Lai; Buon Ma Thuot City Police, Dak Lak).","Criminal, State",2,,,,,,,,,,,,,,,,,,,,,,,,,"Online, Crime",,2,https://cand.vn/nhieu-cach-lam-hieu-qua-trong-thu-hoi-vu-khi-vat-lieu-no-va-cong-cu-ho-tro-post738556.html
0,VNM.2024.05.11.001,Illicit manufacture,Police Seize Rifle and Revolvers From Firearm Modification Ring in Dak Lak,11 May 2024,"Tan Thanh, Buon Ma Thuot, Dak Lak",12.6664196195478,108.028254727577,"Police seized one rifle, three handguns, and 10 rounds of ammunition when they arrested four individuals suspected of buying and modifying firearms in Tan Thanh, Buon Ma Thuot, Dak Lak Province. Police first seized two revolvers and three rounds of ammo when they searched an apartment belonging to two of the suspects. Upon discovering the weapons, they confessed they purchased them online from a third individual living in Gia Lai. When police searched the third suspect's home, they discovered the rifle, handgun, and 7 rounds of ammo. The suspect also possessed several tools for modifying firearms. The third suspect said he was contacted by the others and purchased a revolver on Facebook, before selling them the converted firearm for VND 5 million. 

SGGP reported that the first two suspects had purchased the second weapon online for VND 900,000. The Images showed one M2 carbine rifle and three revolvers. ","1 M2 carbine rifle 
2 revolvers 
1 converted revolver (craft handgun)
10 rounds of ammunition","Criminal Organization
Police",Criminal organization (firearm modification ring); Police,"Criminal, State",,,2,,1,,,,,,,,,,,,,,,10,1,,,,,"Crime, Online, Conversion",,5.6,https://baophapluat.vn/dak-lak-4-doi-tuong-bi-trieu-tap-vi-mua-ban-do-che-sung-post512602.html
8,VNM.2024.03.28.001,Seizure,Man caught with revolver at home in Gia Lai,28 March 2024,"Thang Hung Commune, Chu Prong District, Gia Lai",13.8265236243444,107.897291121629,"Police caught Le Ngoc Tai illegally possessing a revolver and two rounds of ammunition at his home in Thang Hung Commune, Chu Prong District, Gia Lai on 28 March 2024.",1 revolver; 2 rounds of ammunition.,Police,"Police (Chu Prong District Police, Gia Lai).",State,,,1,,,,,,,,,,,,,,,,,2,,,,,,,,1.02,https://cand.vn/nhieu-cach-lam-hieu-qua-trong-thu-hoi-vu-khi-vat-lieu-no-va-cong-cu-ho-tro-post738556.html
9,VNM.2024.03.23.001,Seizure,Teenager arrested with online-purchased revolver after traveling to Phu Quy Island to confront rival,23 March 2024,"Phu Quy Island, Binh Thuan",10.5254044721497,108.943687481415,"Police seized a craft revolver from Nguyen Van Giap after he traveled to confront a rival in a personal dispute in Phu Quy Island, Binh Thuan on 23 March 2024. In early 2023, Giap bought a revolver and two rounds via a Facebook account for VND 4 million. On 19 March 2024, Giap took a ferry to the island carrying the gun and ammunition to find a man identified as T.T.T. in Ngu Phung Commune over a dispute. Giap could not locate T. but remained on the island for several days. He was later caught by Police while bringing the weapon to an acquaintance's home to hide it.",1 converted revolver (craft handgun),Police,"Police (Phu Quy Island District Police, Binh Thuan Provincial Police Investigative Security Department).",State,,,,,,,,,,,,,,,,,,,,,1,,,,,"Online, Interpersonal dispute, Conversion",,0.5,https://tuoitre.vn/plo/mua-sung-don-tau-ra-dao-phu-quy-de-giai-quyet-mau-thuan-thi-bi-bat-109797307.htm
0,VNM.2024.03.21.001,Illicit manufacture,"Police Seize 15 Handguns, Craft Pen Gun, and Grenades From Arms Trafficking Ring in Thanh Hoa",21 March 2024,"Ha Thai, Ha Trung, Thanh Hoa",20.0143612324252,105.882618075986,"Police seized 15 pistols, one craft production pen gun, five hand grenades, thousands of bullets and shell casings, eight improvised explosives, and gun manufacturing equipment when they arrested four members of a suspected arms trafficking network. The principal suspect, Nguyen Tran Du, contacted people in the southern provinces seeking to buy and sell weapons to criminals. Police arrested him and seized 4 pistols and 63 rounds of assorted ammunition. Police then arrested the remaining three suspects and seized the other items at their residences.

Du and another suspect purchased guns, gun parts, and grenades from suspect Huynh Van Qua over Zalo. Du and the other suspect specialized in repairing these weapons to make them operational, before reselling them. Du sold two revolvers, two grenades, and 50 bullets to suspect Pham Van Son for VND 30 million. All transactions took place online through closed groups on social media platforms. 

Images showed three pistols, at least 12 revolvers (several are missing key parts), two M67 training grenades, and hundreds of rounds of assorted ammunition and shell casings (images suggest the suspects disassembled and repurposed ammunition).","3 pistols
12 revolvers
1 pen gun (craft handgun)
5 grenades (incl. M67 training type, possibly inert)
~2000 rounds of ammunition (estimate)","Criminal Organization
Police",Criminal organization (arms trafficking network); Police,"Criminal, State",,3,12,,,,,,,,,,,,,5,,,,2000,1,,,,,"Crime, Online, Conversion",,60.5,https://tuoitre.vn/triet-pha-nhom-che-tao-mua-ban-vu-khi-quan-dung-so-luong-lon-20240322162500294.htm
0,VNM.2024.03.12.001,Illicit manufacture,"Police Seize Pistol, Shotgun, and Grenades From Arms Trafficking Network in Lao Cai",12 March 2024,"Tan An, Van Ban, Lao Cai",22.1678197784059,104.354939156464,"Police seized ""1 military gun, 1 hunting gun, 1 ammunition box, 5 grenades,"" 83 rounds of assorted ammunition, and a large amount of bullet casings and pellets when they arrested four members of a suspected arms trafficking network. Police discovered the network through online monitoring of a Facebook page that claimed to sell weapons. The main suspect, Sam Van Cong, confessed to having bought and sold numerous weapons over social media.

Images showed one M1911A1 pistol, one hunting shotgun, three F-1 hand grenades (possibly inert), two M67-like grenades (possibly inert), and thousands of rounds of ammunition and shell casings.

Cong An HCMC reported that police first detected the Facebook page in early March 2024 and eventually linked it to Suspect Cong, who posted from fake accounts. The suspect confessed to purchasing items to manufacture ammunition from individuals through Facebook and Telegram since October 2023. He produced 200 rubber bullets and 150 metal bullets. He bought the pistol from someone he met online.

The remaining suspects were linked to the M1911A1 pistol. Suspect Cong purchased the gun through Pham Hien Vinh of Soc Trang so that he could use it to generate user engagement on social media. He paid Vinh VND 40 million for the weapon. Vinh did not directly own the pistol; in September 2023, he met Dao Khuong Cuoc, who claimed to have inherited a Type 54 pistol from his father. Vinh, who was interested in collecting the pistol, offered to buy it but realized upon inspection that the pistol was an M1911A1, and so the sale failed. Vinh later contacted a separate suspect, who offered to buy the gun for VND 25 million (of which Vinh offered VND 13 million to Cuoc). The suspect seeking the gun transferred VND 2 million to secure the order. Nevertheless, Vinh ended up selling the gun to Cong. After receiving Cong's payment, Vinh purchased the gun from Cuoc. Vinh then disassembled the weapon and sent it to Cong by post. URL: https://congan.com.vn/vu-an/triet-pha-duong-day-mua-ban-trai-phep-vu-khi-quan-dung-qua-mang_164509.html","1 M1911A1 pistol 
1 hunting shotgun 
3 F-1 hand grenades (possibly inert)
2 M67-like grenades (possibly inert)
83 rounds of ammunition","Criminal Organization
Police",Criminal organization (arms trafficking network); Police,"Criminal, State",,1,,,,1,,,,,,,,,,5,,,,83,,,,,,"Crime, Online",,28.83,https://www.sggp.org.vn/bat-doi-tuong-lap-hang-loat-nick-ao-de-mua-ban-sung-luu-dan-dao-kiem-post730613.html
0,VNM.2024.03.03.001,Illicit use/possession,Armed Gang Robs Gold Shop at Gunpoint in Binh Duong,03 March 2024,Binh Duong,10.9116403940542,106.742284014122,"Four individuals used a firearm to rob a gold shop of merchandise worth nearly VND1 billion (USD 40,560).",1 pistol (unspecified),Gang,Gang (armed robbery gang),Criminal,,1,,,,,,,,,,,,,,,,,,,,,,,,Crime,,1,https://e.vnexpress.net/news/news/crime/gun-armed-gang-robs-20-taels-of-gold-from-vietnam-shop-4717890.html
0,VNM.2024.03.01.001,Seizure,Police Seize 230 Firearms Smuggled From Thailand and Cambodia in Ho Chi Minh City,01 March 2024,"District 8, HCMC",10.7406490491206,106.655979909268,"Police seized 230 firearms, 4,750 rounds of ammunition, two ammunition machines, 10 bags of ammunition, and 54 ammunition packages when they arrested two suspects who smuggled guns from Thailand and Cambodia and sold them online (the guns may have been airsoft weapons). The main suspect, who had a prior record for ""possession of dangerous toys,"" allegedly began operating in early 2023 and made VND 300 million (USD 12,016). 

Investigators traced the operation to a Facebook account, Telegram channel, website (baodenairsoft.com), and YouTube channel all branded ""báo đen airsoft"" (""black panther airsoft""). Listings ran 20–40 million VND (roughly USD 800–1,600) per weapon. The group communicated with buyers only by phone, Zalo, Facebook, or Telegram rather than meeting in person. Buyers paid a deposit by bank transfer upfront with the balance paid via bank transfer on receipt through delivery apps; Thai frequently changed his residence and storage locations to evade tracking, and the group would halt transactions immediately if they suspected police attention.","230 firearms, described as mostly pistols/revolvers, likely converted (craft handguns)
4,750 rounds of ammunition
2 ammunition-manufacturing machines (not tallied)","Criminal Organization
Police",Criminal organization (smuggling ring); Police,"Criminal, State",,,,,,,,,,,,,,,,,,,,4750,230,,,,,"Crime, Online, Smuggling, Conversion",,162.5,https://www.sggp.org.vn/pha-duong-day-buon-sung-dan-tren-mang-thu-230-khau-sung-gan-5000-vien-dan-post728870.html
0,VNM.2024.02.27.001,Illicit transfer,Police Seize 92 Firearms From Online Arms Trafficker in Quang Ngai,27 February 2024,"Dam Thuy Bac, Duc Minh, Mo Duc, Quang Ngai",14.9724393102977,108.919368925453,"Police seized 92 guns of various types (including military guns, hunting guns and dangerous toys) along with more than 14,600 sports bullets (presumably pellets) and support tools when they arrested a suspected online arms trafficker. Police discovered the seller through ""online scanning"" in 2023. Police arrested the suspect as he transported weapons and ammunition following a long period of surveillance. Police seized the weapons after searching his residence.

The suspect confessed to ordering the items from within and outside of Vietnam and were shipped to Quang Ngai via post. The suspect ""hid them in a secret warehouse and continuously changed the location of the warehouse to avoid detection."" He advertised and sold the weapons on closed Facebook groups and YouTube channels, claiming to have made hundreds of transactions. The suspect said customers communicate over Zalo and Telegram, often paying in advance into a back account without the seller's name. The suspect shipped with goods disassembled in staggered packages via freight forwarding services. 

A police official said traffickers often use junk SIM/phone numbers to communicate and that social media interactions are often cross-border. Images and video of the seized weapons showed dozens of revolvers, various airsoft pistols (including AAP-01, Glock 18C, Baretta M92 variants), one shotgun, and one US-origin CZ 457 rifle.","~90 revolvers/airsoft pistols, likely converted (craft handguns)
1 shotgun 
1 CZ 457 rifle
~14,600 pellets (not counted as live ammunition)","Criminal Organization
Police",Criminal organization (online arms trafficker); Police,"Criminal, State",,,,,1,1,,,,,,,,,,,,,,,90,,,,,"Crime, Online, Conversion",,50,https://tuoitre.vn/triet-pha-chuyen-an-mua-ban-sung-phat-hien-ca-kho-vu-khi-2024022717462671.htm
0,VNM.2024.02.14.001,Seizure,Police Seize Firearm From Cross-Border Drug Trafficking Network in Thua Thien-Hue,14 February 2024,"Tứ Hạ, Hương Trà, Thừa Thiên-Huế",16.5234664275131,107.476706386129,"Police seized a firearm and a box of ammunition along with 27,000 synthetic drug pills and 76 grams of other synthetic drugs in an operation targeting a drug trafficking network that led to the arrest of six suspects. The network allegedly shipped consignments of 10,000-30,000 pills from Laos to Hue via the Lao Bảo International Border Gate, Hướng Hóa District, Quảng Trị Province. The group allegedly employed young residents of the district to run the drugs to Hue.","1 unspecified firearm
1 box of ammunition (quantity unspecified)","Criminal Organization
Police",Criminal organization (drug trafficking network); Police,"Criminal, State",1,,,,,,,,,,,,,,,,,,,,,,,,,"Crime, Smuggling",Drug trafficking,1,https://vietnamnews.vn/society/1650572/drug-trafficking-network-dismantled-in-thua-thien-hue.html
2,VNM.2024.02.05.001,Illicit transfer,Two men fined for selling hunting-rifle parts online in Thanh Hoa,05 February 2024,"Tan Tho Commune, Nong Cong District, Thanh Hoa",19.6150448839908,105.597410028033,"Police fined Le Van Thang after seizing one craft hunting rifle and 21 telescopic-sight components from his home in Tan Tho Commune, Nong Cong District, Thanh Hoa, on 5 February 2024. The seizure took place following an investigation into his use of a YouTube channel to advertise and sell hunting-rifle parts to buyers in Nghi Son Town; Thang was fined under Decree 144/2021 for illegal possession of hunting-rifle components. Nghi Son Town Police separately searched the home of Pham Ngoc Anh, in neighboring Nhu Thanh District, and seized 20 hunting-rifle components after identifying a similar YouTube-based sales operation.","1 craft hunting rifle
41 rifle components and accessories.","Criminal Individual
Police","Criminal Individual (Le Van Thang, born 1986 — fined; Pham Ngoc Anh, born 1987 — detained/investigated); Police (Nghi Son Town Police, Thanh Hoa).","Criminal, State",,,,,,,,,,,,,,,,,,,,,,1,,,,Online,,1,https://cand.vn/ngan-chan-nhieu-vu-mua-ban-vu-khi-vat-lieu-no-cong-cu-ho-tro-tren-khong-gian-mang-post725562.html
0,VNM.2024.02.01.001,Surrender/Amnesty,"Residents Surrender Over 200 Weapons During Amnesty Campaign in Ninh Hai, Ninh Thuan",01 February 2024,"Ninh Hai, Ninh Thuan",11.5910998655072,109.040258301409,"Ninh Hai District Police collected more than 200 weapons, including 2 ""homemade alcohol guns"", one ""homemade arrow gun,"" and two firearms during a firearm amnesty campaign on February 1.","2 homemade 'alcohol guns' (craft handguns)
2 unspecified firearms
","Civilian Community
Police",Civilian community (amnesty participants); Police,"Other, State",2,,,,,,,,,,,,,,,,,,,,,2,,,,,,4,https://baophapluat.vn/cao-diem-van-dong-nhan-dan-giao-nop-vu-khi-vat-lieu-no-tai-ninh-thuan-post530153.html
0,VNM.2024.01.26.001,Seizure,Fugitive Murder Suspect Found With Rifle and Landmines Near Laos Border in Ha Tinh,26 January 2024,"Vu Quang National Park, Kim Quang, Quang Tho, Vu Quang, Ha Tinh",18.2479851330188,105.375481277324,"Police seized one ""sport gun,"" 46 rounds of ammunition, and two landmines along with 25,600 pink pills, 175 grams of Heroin, 6.0 grams of Methamphetamine (crystal meth), 1 plastic bag containing crystal meth; and 1 plastic bag containing opium when they arrested a fugitive drug suspect in a remote area near the Laotian border. The suspect, who was wanted for a 2022 murder, was living in remote abandoned camps in a national park bordering Laos. He received sustenance and support from local ethnic communities and helped smuggle drugs over the border. An image showed what appeared to be .22 caliber rifle and ammunition.","1 rifle (.22 caliber, real, unspecified brand)
2 landmines (not tallied, no matching category)
46 rounds of ammunition","Criminal Individual
Police",Criminal individual (fugitive); Police,"Criminal, State",,,,,1,,,,,,,,,,,,,,,46,,,,,,"Crime, Smuggling",Drug trafficking,3.46,https://www.sggp.org.vn/bat-doi-tuong-giet-nguoi-gan-2-nam-tron-trong-rung-sau-buon-ban-ma-tuy-post724808.html
0,VNM.2024.01.25.001,Illicit transfer,Police Seize 17 Revolvers From Couple Reselling Weapons in An Giang,25 January 2024,"Diamond City, My Loc, My Phuoc, Long Xuyen, An Giang",10.3712351164026,105.452513588957,Police seized 17 firearms (10 of which were missing some parts) and 13 rounds of ammunition along with a sachet of methamphetamine when they inspected a motel room and arrested a couple suspected of selling weapons.One of the suspects apparently bought the weapons over Facebook and brought them to Long Xuyen City to resell. Images and video showed several revolvers (liekly ZP-5s). ,"17 revolvers, likely converted 'ZP-5' type, some missing parts (craft handguns)
13 rounds of ammunition","Criminal Organization
Police",Criminal organization (buyer/seller pair); Police,"Criminal, State",,,,,,,,,,,,,,,,,,,,13,17,,,,,"Crime, Online, Conversion",,8.63,https://tuoitre.vn/doi-nam-nu-thue-nha-nghi-de-ban-17-khau-sung-13-vien-dan-co-ca-vu-khi-quan-dung-20240624150233644.htm
10,VNM.2024.01.24.001,Seizure,Police seize military-grade and sporting firearms from drug-trafficking ring in Ho Chi Minh City,24 January 2024,"Binh Thanh District, HCMC",10.80818883467346,106.7048141894792,"Police seized two K59 pistols, one ZP-5 converted revolver, and 30 rounds of ammunition while dismantling two linked drug-trafficking rings led by Pham Ngoc Duc (born 1989) and Le Ngoc Thanh (born 1984) in Binh Thanh District, Ho Chi Minh City on 24 January 2024. Police had been investigating a network trafficking narcotics and circulating counterfeit currency, run by Duc with Nguyen Ngoc Tien (born 1994) assisting; the investigation found Duc bought drugs from Lam Huynh Minh Man (born 1984, Thu Duc) and Le Ngoc Thanh (born 1984, District 10) for resale. Intelligence indicated his network was prepared to use firearms to resist law enforcement and to confront rival drug dealers.

On 24 and 27 January 2024, police simultaneously raided the network, arresting Man, Thanh, and other accomplices. Searches of 11 residences and storage sites turned up nearly 10 kg of synthetic drugs, over 200 ecstasy pills, the firearms and ammunition, 4.8 kg of additive powder and equipment (a pill press and two heat sealers) used to manufacture ""nuoc vui"" liquid drugs, and over 1,000 packaging sachets. Investigators ultimately charged 16 suspects for drug trafficking, counterfeit currency circulation, and illegal possession of military-grade weapons.","2 K59 pistols
1 ZP-5 converted revolver
30 rounds of assorted ammunition","Criminal Organization
Police","Criminal Organization (Pham Ngoc Duc, alias ""Duc Khi"", born 1989; Nguyen Ngoc Tien, born 1994; Lam Huynh Minh Man, born 1984; Le Ngoc Thanh, born 1984; 13 further unnamed accomplices); Police (Binh Thanh District Police, District 8 Police, Ho Chi Minh City Police specialized investigative units).","Criminal, State",,2,,,,,,,,,,,,,,,,,,30,1,,,,,"Crime, Conversion",Drug trafficking,2.8,https://www.sggp.org.vn/pha-2-duong-day-van-chuyen-bao-che-mua-ban-chat-ma-tuy-co-trang-bi-sung-dan-post726009.html
9,VNM.2024.01.23.001,Seizure,Man caught with four Cambodia-sourced pistols in Binh Duong,23 January 2024,"Thuan Giao Ward, Thuan An City, Binh Duong",10.9622679580699,106.71330431262,"Police seized three pistols, one revolver, and 59 rounds of ammunition from Tran Duy Thien during an administrative check of his rented room in Thuan Giao Ward, Thuan An City, Binh Duong on 23 January 2024. Thien told police he had bought the weapons and ammunition from a source in Cambodia and brought them back for self-protection. The case, suspect, and evidence were referred to the Binh Duong Provincial Police Investigative Security Department.","3 pistols
1 revolver
59 rounds of ammunition",Police,"Police (Binh Duong Provincial Police Criminal Police Division, Thuan Giao Ward Police).",State,,3,1,,,,,,,,,,,,,,,,,59,,,,,,Smuggling,,4.59,https://tuoitre.vn/plo/thanh-nien-mua-4-khau-sung-va-59-vien-dan-de-phong-than-109774415.htm
10,VNM.2024.01.22.001,Illicit transfer,Police seize AK rifle and K59 pistol from two men transporting weapons for sale in Son La,22 January 2024,"Long Luong Hamlet, Long Luong Commune, Van Ho District, Son La",20.7710469131386,104.8765417622418,"Police seized an AKMS assault rifle, a K59 pistol, and 35 rounds of ammunition when they arrested Song A Thong (born 1997) and Trang A Pao (born 1980) while transporting the weapons to sell in Long Luong Hamlet, Van Ho District, Son La on 22 January 2024. Police tracked the pair as they moved from Ta De Hamlet to Long Luong Hamlet (both within Long Luong Commune) and ambushed them in the act. Police also seized a motorbike, two mobile phones, and just over VND 1 million in cash. Both suspects admitted they were en route to sell the weapons when arrested.","1 AKMS assault rifle
1 K59 pistol
35 rounds of ammunition total","Criminal Individual
Police","Criminal Individual (Song A Thong, born 1997; Trang A Pao, born 1980); Police (Van Ho District Police, Moc Chau District Police).","Criminal, State",,1,,1,,,,,,,,,,,,,,,,35,,,,,,,,6.35,https://www.sggp.org.vn/tom-gon-2-doi-tuong-dem-sung-ak-va-k59-day-dan-mang-di-ban-post723987.html
6,VNM.2024.01.18.001,Illicit transfer,Woman charged in hunting-ammunition and gun-parts trafficking ring in Thanh Hoa,18 January 2024,"Kim Tan Town, Thach Thanh District, Thanh Hoa",20.1309252839509,105.674605356879,"Police seized 1 craft air rifle, over 36,000 lead pellets for air/hunting guns, along with a scope, 8 gun springs, 2 sighting tubes, 36 rubber rings, and 2 gas gauges, from Tran Thi Lien (born 1979) during a search of her home in Kim Tan Town, Thach Thanh District, Thanh Hoa on 18 January 2024. Expanding the investigation, police searched the home and stall of her supplier, Le Thi Xuan (born 1990) in Thanh Hoa City, recovering a further 86kg of lead pellets; Lien told police she had been buying hunting guns, lead pellets, and gun components from Xuan since 2022 to resell to buyers in Thach Thanh District.","1 craft rifle
36,000+ lead pellets for air/hunting guns
assorted gun components.","Criminal Individual
Police","Criminal Individual (Tran Thi Lien, born 1979; Le Thi Xuan, born 1990); Police (Thach Thanh District Police, Thanh Hoa City Police).","Criminal, State",,,,,,,,,,,,,,,,,,,,,,1,,,,Crime,,1,https://cand.vn/khoi-to-doi-tuong-tang-tru-mua-ban-sung-san-va-cac-linh-kien-sung-post720494.html
0,VNM.2024.01.14.001,Seizure,Police Seize Craft and Military-Pattern Rifles From Drug Traffickers Near Laos Border in Nghe An,14 January 2024,"Ban Dua, Luong Minh, Tuong Duong, Nghe An",19.3386411299643,104.40794840415,"Police seized three firearms (including one military weapon) and 15 rounds of ammunition as well as 20 grams of heroin when they arrested four drug suspects in Ban Đửa, Lượng Minh, Tương Dương, Nghệ An Province on January 14. The suspects allegedly ""colluded and connected with Mong people to buy large quantities of drugs from abroad [presumably Laos],"" transitting them to other parts of the country. The suspects frequently armed themselves with craft production and military weapons. They confessed to previously selling at least 5 heroin cakes and 3,000 synthetic pills.

Images of the weapons showed one possible M1 carbine-style rifle, one hunting rifle, one high-quality gas rifle, and the ammunition.","1 M1-carbine-style rifle (craft rifle)
1 hunting rifle (real, unspecified)
1 gas rifle (craft rifle)
15 rounds of ammunition","Criminal Organization
Police",Criminal organization (drug trafficking network); Police,"Criminal, State",,,,,1,,,,,,,,,,,,,,,15,,2,,,,"Crime, Smuggling",Drug trafficking,5.15,https://baophapluat.vn/nghe-an-bat-giu-4-doi-tuong-mua-ban-ma-tuy-co-su-dung-vu-khi-nong-post502290.html
0,VNM.2024.01.12.001,Seizure,Man Test-Fires Toy Revolver Converted to Live Ammunition in Ho Chi Minh City,12 January 2024,"Nhat Chi Mai Street, Ward 13, Tan Binh District, HCMC",10.8049391225424,106.639590917488,"Police seized a converted revolver from a man with apparent mental health issues after he hired someone to convert it for VND 4 million (USD 160) at the old Mien Dong bus station, Binh Thanh District, HCMC. He purchased the gun online at the end of 2023, and previously purchased a similar toy gun in August 2023 for VND 1 million (USD 40) which was lost. The suspect contacted an online account claiming to specialize in firearm conversion. The suspect test fired six rounds, with only the last round firing. Police also arrested a couple in Hoa Khanh Bac Ward, Lien Chieu District, Da Nang City for selling the toy guns. ","1 SKY-FULL converted revolver (craft handgun)
8 rounds of ammunition","Criminal Individual
Criminal Organization
Police","Criminal individual (buyer); Criminal organization (seller couple, Da Nang); Police","Criminal, State",,,,,,,,,,,,,,,,,,,,8,1,,,,,"Crime, Online, Conversion",,0.58,https://www.sggp.org.vn/nguoi-dan-ong-mua-sung-do-choi-tren-mang-ve-do-thanh-sung-quan-dung-post723703.html
7,VNM.2024.01.12.002,Surrender/Amnesty,Retired veterans voluntarily surrender wartime K54 pistol and AK rifle in Bac Lieu,12 January 2024,"An Phuc Commune, Dong Hai District, Bac Lieu",9.22697444746403,105.417744977474,"Retired local officials and war veterans Nguyen Van Thi and Nguyen Van Hoa voluntarily surrendered a K54 pistol, a Type 56-1 assault rifle, and 30 rounds of ammunition to police in An Phuc Commune, Dong Hai District, Bac Lieu. The surrender took place as part of the district's outreach campaign encouraging veterans to hand in military weapons kept as wartime mementos. Both men had held onto the weapons for decades since their service; police credited door-to-door outreach to veterans and retired officials in the district for the surrenders.","1 K54 pistol
1 Type 56-1 assault rifle
30 rounds of ammunition.","Civilian Community
Police","Civilian Community (Nguyen Van Thi; Nguyen Van Hoa — retired war veterans); Police (An Phuc Commune Police, Dong Hai District Police).","Other, State",,1,,1,,,,,,,,,,,,,,,,30,,,,,,,,6.3,https://cand.vn/vi-mot-dia-ban-khong-tieng-no-post751317.html
8,VNM.2024.01.12.003,Seizure,Gun seized alongside methamphetamine and ecstasy at Binh Duong drug party,12 January 2024,"Thuan Giao Ward, Thuan An City, Binh Duong",10.9568957452452,106.709187144439,"Police seized a revolver along with over 2 kilograms of methamphetamine and ecstasy tablets after raiding a drug party in Thuan Giao Ward, Thuan An City, Binh Duong on 12 January 2024. Police traced the drugs to Vo Hoang Tuan and Nguyen Hoang Phu; 15 suspects in total were detained in the case.",1 revolver.,"Criminal Individual
Police","Criminal Individual (Vo Hoang Tuan, born 2000; Nguyen Hoang Phu, born 2001; Nguyen Van Trung, born 1997); Police (Binh Duong Provincial Police Narcotics Investigation Department, Thuan An City Police).","Criminal, State",,,1,,,,,,,,,,,,,,,,,,,,,,,Crime,Drug trafficking,1,https://cand.vn/xoa-tu-diem-bay-lac-thu-giu-1-khau-sung-va-hon-2-kg-ma-tuy-post720158.html
0,VNM.2024.01.11.001,Seizure,Police Seize Craft Rifles and Grenade From Drug Traffickers in Nghe An,11 January 2024,"Ke Nam, Chau Binh, Quy Chau, Nghe An",19.4917387348456,105.232058748773,"Police seized four craft production rifles, one craft production grenade, explosives, and 10 rounds of ammunition as well as almost 50 grams of heroin when they arrested two suspected drug traffickers in Ke Nam, Chau Binh, Quy Chau, Nghe An Province on January 11.The primary suspect, Kim Văn Huy (born 1996), was apprehended during a raid at his secluded residence, which was equipped with surveillance cameras and a single access point, making it challenging for authorities to approach. Images of the seized weapons showed three crude craft production rifles and one high-quality gas rifle. ","3 craft production rifles (craft rifles)
1 gas rifle (craft rifle)
1 craft production grenade
10 rounds of ammunition","Criminal Organization
Police",Criminal organization (drug trafficking pair); Police,"Criminal, State",,,,,,,,,,,,,,,,1,,,,10,,4,,,,Crime,Drug trafficking,9.1,https://baophapluat.vn/thanh-nien-9x-che-nhieu-vu-khi-phuc-vu-cho-viec-kinh-doanh-ma-tuy-post501783.html
0,VNM.2024.01.05.001,Seizure,Man Surrenders Converted Revolver After Shooting At Rival's Home in Kien Giang,05 January 2024,"Vĩnh Hòa 2, Vĩnh Hòa Phú, Châu Thành, Kien Giang",9.88700157604961,105.131502807021,A shooting suspect handed over his firearm to the police when he surrendered himself for firing at the residence of a person with whom he had a personal dispute. The individual confessed he purchased the weapon for VND 4 million from a stranger. Image showed a ZP-5 revolver.,1 converted 'ZP-5' revolver (craft handgun),"Criminal Individual
Police",Criminal individual; Police,"Criminal, State",,,,,,,,,,,,,,,,,,,,,1,,,,,"Crime, Conversion",,0.5,https://baophapluat.vn/kien-giang-tam-giu-hinh-su-doi-tuong-su-dung-sung-giai-quyet-mau-thuan-post501244.html
8,VNM.2024.01.05.002,Seizure,Two online-purchased pistols found in motorbike trunk in Kien Giang,05 January 2024,"Minh Hoa Commune, Chau Thanh District, Kien Giang",9.88236355956443,105.177350139511,"Police seized two revolvers and 11 rounds of ammunition from the trunk of a motorbike belonging to Nguyen Ngoc Doan during an emergency search of a rented room in Minh Hoa Commune, Chau Thanh District, Kien Giang on 5 January 2024. Doan admitted buying each pistol online for VND 9 million and had not yet used them when caught.",2 revolvers; 11 rounds of ammunition.,"Criminal Individual
Police","Criminal Individual (Nguyen Ngoc Doan, born 1996); Police (Chau Thanh District Police, Kien Giang).","Criminal, State",,,2,,,,,,,,,,,,,,,,,11,,,,,,Online,,2.11,https://laodong.vn/phap-luat/thanh-nien-mua-sung-dan-tren-mang-ve-giau-trong-cop-xe-thi-bi-bat-1289353.ldo
10,VNM.2024.01.05.003,Seizure,"Police seize air rifles, hundreds of gun parts from online seller in Bac Giang",05 January 2024,"Nha Nam Town, Tan Yen District, Bac Giang",21.44294491993899,106.0983997382488,"Police seized three fully assembled pellet-firing air rifles and 846 gun components -- including 156 scopes, 110 barrels, 14 laser sight units, 69 suppressors or suppressor parts, and 100 scope-mount sets, estimated as enough to assemble about 100 additional hunting rifles -- and roughly 3,000 rounds of ammunition from the home and a secret warehouse of Nguyen Minh Tu in Nha Nam Town, Tan Yen District, Bac Giang on 5 January 2024. Police identified Tu (born 1998) as the owner of several Facebook, Zalo, and YouTube accounts advertising bulk sales of air rifles, pellet guns, and gun parts.

Tu had previously been fined twice for possessing hunting-gun parts. Police summoned Tu for questioning and simultaneously raided his residence and the warehouse, where he had stored the weapons and components before advertising them for sale under fake online accounts, using covert contact and exchange methods to evade detection. Yen Dinh District Police opened a criminal case and ordered Tu's criminal detention for further investigation.","103 air rifles (craft rifles, assembled and unassembled)
~3,000 rounds of ammunition
846 additional gun components","Criminal Organization
Police","Criminal Organization (Nguyen Minh Tu, born 1998, arms/parts dealer); Police (Yen Dinh District Police [Thanh Hoa Province], Thanh Hoa Provincial Police Cybersecurity and Hi-Tech Crime Prevention Division, Tan Yen District Police [Bac Giang Province]).","Criminal, State",,,,,,,,,,,,,,,,,,,,3000,,103,,,,"Online, Crime",,133,https://tuoitre.vn/tam-giu-nghi-pham-mua-ban-sung-va-hon-800-linh-kien-20240109215702428.htm
0,VNM.2024.01.03.001,Seizure,Police Seize Firearm From Cross-Border Drug Trafficking Network Tied to Laos,03 January 2024,Laos; North Central Provinces; HCMC,10.7820595205347,106.674628534689,"Police seized a firearm along with more than 290kg of drugs and arrested 26 suspects during a coordinated operation targeting a drug trafficking network that move drugs from Laos to HCMC via the North Central Provinces. The network involved both Vietnamese and foreign (presumably Laotian) nationals. HCMC police coordinated with Department C04 (Drug-related Crimes Investigation Police Department of the Ministry of Public Security) and local police to implement the operation. HCMC police previously discovered a ""network of buying, selling and transporting a large amount of drugs across the country"" through ""an information source"" and initiated the investigation and operation.",1 unspecified firearm,"Criminal Organization
Police","Criminal organization (drug trafficking network, includes Laotian national); Police","Criminal, State",1,,,,,,,,,,,,,,,,,,,,,,,,,"Crime, Smuggling",Drug trafficking,1,https://en.sggp.org.vn/hcmc-police-force-expand-its-investigation-into-big-drug-trafficking-post107473.html
2,VNM.2023.12.28.001,Surrender/Amnesty,Thoai Son District launches 'weapons-for-food' exchange program in An Giang,28 December 2023,"Thoai Son District, An Giang",10.2609111578746,105.262655482775,"Thoai Son District Police, An Giang, launched an amnesty program, under which residents surrendering firearms, explosives, and support tools received rice, instant noodles, cooking oil, soy sauce, or fire extinguishers in return on 28 December 2023. Over the following year, the program collected 2 grenades, 43 rounds of ammunition, 2 hunting rifles, 5 craft firearms, and 4 banned dangerous toys, and separately received 5 rubber-bullet and tear-gas guns, 32 rounds of ammunition, 2 electric batons, and 7 firecrackers voluntarily surrendered by retired officers.","2 rifles
5 craft firearms (types unspecified)
9 less-lethal firearms and 'dangerous toys' (counted as craft handguns)
2 grenades
75 rounds of ammunition.","Civilian Community
Police","Civilian Community (Thoai Son District residents, including retired police/military officers); Police (Thoai Son District Police, An Giang Provincial Police Administrative Management and Social Order Department).","Other, State",5,,,,2,,,,,,,,,,,2,,,,75,9,,,,,,,26.25,https://cand.vn/nhieu-giai-phap-trong-thu-hoi-vu-khi-vat-lieu-no-cong-cu-ho-tro-va-phao-o-mien-tay-nam-bo-post758606.html
0,VNM.2023.12.25.001,Seizure,Police Seize Pistol and Large Ammunition Cache From Family Feud Suspect in Kien Giang,25 December 2023,"Dong Hoa, An Minh District, Kien Giang",9.73542624601652,104.987410503002,Police seized one pistol and 574 rounds of ammunition from an individual who purchased the weapon online for VND 7 million (USD 280) around 2020. The suspect was involved in an altercation resulting from a dispute between his father and another individual.,"1 pistol 
574 rounds of ammunition",Criminal Individual,Criminal individual,Criminal,,1,,,,,,,,,,,,,,,,,,574,,,,,,Crime,,6.74,https://www.sggp.org.vn/nam-thanh-nien-tang-tru-sung-va-gan-600-vien-dan-post720057.html
8,VNM.2023.12.25.002,Illicit transfer,Police seize gun linked to female arms and drug trafficker in Binh Thuan,25 December 2023,"Phan Ri Cua Town, Tuy Phong District, Binh Thuan",11.171622602772,108.565515023385,"Police seized a gun and its ammunition from Vo Dai Duc in Phan Ri Cua Town, Tuy Phong District, Binh Thuan on 25 December 2023. Duc told investigators he had bought the weapon the previous month from Nguyen Thi Viet, who had sourced it through a Facebook contact for VND 4.5 million and earned a VND 500,000 commission. Viet — already serving a suspended eight-year sentence for drug possession — was charged with illegal arms trading in April 2024, then arrested and jailed in August 2024 after a fresh methamphetamine possession arrest in neighboring Ninh Thuan violated her release conditions.",1 unspecified firearm; ammunition.,"Criminal Individual
Police","Criminal Individual (Nguyen Thi Viet, born 1996; Vo Dai Duc, born 1997); Police (Binh Thuan Provincial Police Security Investigation Agency, Ninh Thuan Provincial Police Narcotics Investigation Department).","Criminal, State",1,,,,,,,,,,,,,,,,,,,,,,,,,"Online, Crime",,1,https://tuoitre.vn/plo/bat-mot-phu-nu-mua-ban-vu-khi-quan-dung-109806557.htm
0,VNM.2023.12.20.001,Seizure,Police Seize Converted Revolver Purchased for Hunting in Quang Ninh,20 December 2023,"Minh Thanh, Quang Yen, Quang Ninh",21.005919633338,106.858661078117,"Police arrested Nguyễn Văn Hưng, 32, for illegally storing a military-grade weapon in Minh Thành Ward, Quảng Yên Town, Quảng Ninh Province on December 20.

Baomoi reported that the seized weapon was a black pistol approximately 20 cm in length, with a 7 mm metal barrel, marked “Smith & Wesson,” “ZP-5,” and “Made in China.” Hưng allegedly purchased the firearm via Facebook for VND 7 million and claimed he intended to use it for hunting. Photo showed a revolver.",1 converted 'ZP-5' revolver (craft handgun),Criminal Individual,Criminal individual,Criminal,,,,,,,,,,,,,,,,,,,,,1,,,,,"Crime, Online, Conversion",Environmental crime,0.5,https://baophapluat.vn/cong-an-tinh-quang-ninh-khoi-to-doi-tuong-tang-tru-trai-phep-vu-khi-quan-dung-post500629.html
10,VNM.2023.12.20.002,Illicit transfer,Police seize guns from online reseller and delivery driver in Ho Chi Minh City,20 December 2023,"Binh Hung Hoa Ward, Binh Tan District, HCMC",10.805986068930146,106.60830826220453,"Police seized a converted revolver, a revolver frame, and 60 rounds of ammunition from Dang Nhat Vinh after stopping him and Pham Vu Duong on a motorbike at the intersection of Huong Lo 3 and Duong So 5 streets in Binh Hung Hoa Ward, Binh Tan District, HCMC, on 20 December 2023. Police had been investigating Vinh (born 2007) and Duong (born 2006) after receiving public tips that they were illegally trading military-grade weapons.

Vinh admitted that since early November 2023 he had used a fake Facebook account to buy a total of four guns for about VND 700,000 each and 90 rounds of ammunition from two other sellers, swapped out some components, and resold the weapons online, using cash-on-delivery couriers to avoid leaving a trail; he had hired Duong to deliver one gun for a fee of VND 600,000. Forensic examination classified the seized items as military-grade weapons and sport-type ammunition. Both suspects were formally arrested on charges of illegal trading of military-grade weapons on 28 December 2023.","2 converted revolvers (craft handguns)
60 rounds of ammunition","Criminal Individual
Police","Criminal Individual (Dang Nhat Vinh, born 2007, arms reseller; Pham Vu Duong, born 2006, delivery driver); Police (Binh Tan District Police, Ho Chi Minh City Police).","Criminal, State",,,,,,,,,,,,,,,,,,,,60,2,,,,,"Online, Crime, Conversion",,1.6,https://www.sggp.org.vn/bat-thanh-nien-mua-sung-qua-mang-de-ban-kiem-loi-post720389.html
2,VNM.2023.12.16.001,Surrender/Amnesty,Quang Tri residents surrender five firearms in amnesty drive,16 December 2023,"Dakrong District, Quang Tri",16.6847302051792,106.882893541608,"Police in Dakrong District, Quang Tri, received five firearms — a sporting rifle, a Comso PE LM88E air rifle, and three homemade guns — along with 40 lead rounds of ammunition, voluntarily surrendered by five households between 16 and 19 December 2023 as part of a pre-Lunar New Year crime-suppression campaign; officials said residents in the mountainous district had long kept wartime-era weapons or homemade firearms capable of causing serious injury.","1 rifle
1 Comso PE LM88E air rifle (craft rifle)
3 craft firearms (presumed rifles)
40 rounds of ammunition.","Civilian Community
Police","Civilian Community (five households, Dakrong District, Quang Tri); Police (Dakrong District Police, Quang Tri Provincial Police).","Other, State",,,,,1,,,,,,,,,,,,,,,40,,4,,,,,,7.4,https://cand.vn/nhieu-nguoi-dan-huyen-mien-nui-o-quang-tri-giao-nop-vu-khi-vat-lieu-no-post717597.html
1,VNM.2023.12.12.001,Illicit manufacture,Two men caught ordering rifle-scope and air-gun parts online in Son La,12 December 2023,"Ngoc Chien Commune, Muong La District, Son La",21.6544318189751,104.264803372434,"Police seized an optical rifle scope from K.A.P. (born 2001) in Ngoc Chien Commune, Muong La District, Son La, on 12 December 2023, after he ordered the sight online in October 2023, claiming it was to help him locate beehives, and had it delivered by courier; he surrendered the scope before fitting it to any weapon. Two days later, on 14 December 2023, police in the same commune seized a second optical scope and related assembly components from Q.V.G. (born 1982), who admitted searching online for parts to build an air rifle but had not yet received a complete set of components when officers intervened.",1 unfinished craft rifle (inferred).,"Criminal Individual
Police","Criminal Individual (K.A.P., born 2001 — detained; Q.V.G., born 1982 — detained); Police (Muong La District Police, Ngoc Chien Commune Police, Son La).","Criminal, State",,,,,,,,,,,,,,,,,,,,,,1,,,,Online,,1,https://cand.vn/ngan-chan-triet-de-viec-mua-ban-vu-khi-qua-mang-xa-hoi-post717813.html
9,VNM.2023.12.05.001,Seizure,Man sentenced after converted revolver found during patrol in Long An,05 December 2023,"Luong Hoa Commune, Ben Luc District, Long An",10.7137080291295,106.440602451815,"Police seized a converted revolver from Nguyen Tan Tai during a patrol stop in Luong Hoa Commune, Ben Luc District, Long An on 5 December 2023. In November 2023, Tai bought a revolver and six rounds online for nearly VND 2 million, intending to use it for self-protection and casual target shooting; about a week later an unidentified courier delivered the weapon to his rented room in Ben Luc District, and the next day he test-fired four rounds in a field.

On the night of 5 December, Tai drove his girlfriend on his motorbike to a rented room in Luong Hoa Commune intending to intimidate a man known as Thanh into returning his girlfriend's motorbike. Police stopped him on his return, noticing suspicious behavior, and found the revolver. Forensic examination determined the weapon had originally been manufactured as a dangerous novelty item designed to fire sport ammunition but was now capable of firing live rounds, qualifying it as a military-grade weapon. Ben Luc District Court sentenced Tai to 1 year 6 months in prison and 1 year of probation for illegal possession of a military-grade weapon.",1 converted revolver (craft handgun),"Criminal Individual
Police
Other State Agency","Criminal Individual (Nguyen Tan Tai, born 1998); Police (Ben Luc District Police); Other State Agency (Ben Luc District Court).","Criminal, State",,,,,,,,,,,,,,,,,,,,,1,,,,,"Conversion, Online, Interpersonal dispute, Crime",,0.5,https://tuoitre.vn/plo/mua-1-khau-sung-duoc-khuyen-mai-15-nam-tu-109795941.htm
6,VNM.2023.11.29.001,Illicit manufacture,PCP air-rifle manufacturer caught selling weapons on Facebook in Bac Giang,29 November 2023,"Nha Nam Town, Tan Yen District, Bac Giang",21.4425036689257,106.098319773793,"Police seized 5 complete PCP air rifles, 600 unassembled gun components, and 4,000 lead pellets from Nguyen Xuan Tien during a search of his home in Nha Nam Town, Tan Yen District, Bac Giang on 29 November 2023. A follow-up search recovered 4 more PCP rifles he had already sold to buyers in and outside the province. Tien, who had a prior conviction for manufacturing hunting guns, advertised the rifles on a Facebook account under the alias ""Nguyen Quan PCP,"" arranging specifications with buyers over Messenger, collecting bank transfers, and shipping completed rifles by bus for a profit of VND 3.5–7 million per weapon. He was charged on 7 December 2023 with illegal manufacture, possession, and sale of a hunting gun.","9 PCP air rifles (craft rifles)
600 unassembled gun components
4,000 lead pellets.","Criminal Individual
Police","Criminal Individual (Nguyen Xuan Tien, born 1990); Police (Bac Giang Provincial Police Criminal Police Department, Bac Giang Provincial Police Administrative Management Department).","Criminal, State",,,,,,,,,,,,,,,,,,,,,,9,,,,"Online, Crime",,9,https://cand.vn/buon-ban-vu-khi-tren-mang-xa-hoi-hiem-hoa-tu-nhung-hoi-nhom-kin-post750165.html
1,VNM.2023.11.28.001,Destruction,"Police destroy M16A1 rifles, other firearms collected from residents in Lam Dong",28 November 2023,"Di Linh District, Lam Dong",11.5794158493967,108.075242347803,"Di Linh District Police, Lam Dong, destroyed over 200 assorted weapons (including blunt and bladed weapons) on 28 November 2023. Residents surrendered the items through an amnesty program. The surrendered items included hunting rifles and craft rifles as well as 120 rounds of ammunition. Images showed two M16A1 assault rifles, one M1911 pistol, one revolver, and one rifle barrel.","2 M16A1 assault rifles
1 M1911 pistol
1 revolver
1 rifle
120 rounds of ammunition.",Police,"Police (Duc Trong District Police, Lam Dong).",State,,1,1,2,1,,,,,,,,,,,,,,,120,,,,,,Surrender/Amnesty,,16.2,https://cand.vn/tieu-huy-hang-chuc-khau-sung-vu-khi-tu-che-thu-giu-trong-dan-post715379.html
0,VNM.2023.11.22.001,Seizure,Man Uses Pistol to Coerce and Shoot Partner in Dak Nong,22 November 2023,"Dak Mil, Dak Mil District, Dak Nong",12.4489896304929,107.620602882122,"A man used a pistol to coerce his partner into poisoning herself, who refused, at a motel. He subsequently shot her in the arm. The motel owner heard the commotion and intervened, and the suspect barricaded himself in a break room and attempted to poison himself before being arrested by police (who presumably seized the weapon).",1 pistol,Criminal Individual,Criminal individual,Criminal,,1,,,,,,,,,,,,,,,,,,,,,,,,"Domestic violence, Crime",,1,https://www.sggp.org.vn/bat-giu-doi-tuong-dung-sung-ep-nguoi-yeu-tu-tu-post715696.html
0,VNM.2023.11.19.001,Seizure,"Fugitive Couple Arrested With Two Revolvers, One a Toy Gun, in Phu Yen",19 November 2023,"Chi Thanh, Tuy An District, Phu Yen",13.3095450159511,109.215420473704,"Police seized two revolvers when they arrested a fugitive couple wanted for a shooting and attempting a fraudulent property transaction. The investigation stemmed from a fraudulent property transaction in which the wife of the couple attempted to dupe a property owner out of the deeds for a tract of land near Nha Trang so that she could take out a large loan leveraged against the property. The husband was wanted for a shooting incident at a restaurant in Nha Trang which also stemmed from the fraudulent property deal. Images of the weapons showed two revolvers, one of which is clearly a toy, and four rounds of ammo.","1 revolver
1 converted revolver (craft handgun)
4 rounds of ammunition","Criminal Individual
Police",Criminal individuals (fugitive couple); Police,"Criminal, State",,,1,,,,,,,,,,,,,,,,,4,1,,,,,"Crime, Conversion",,1.54,https://baophapluat.vn/nguoi-vo-tron-na-bi-bat-cung-chong-voi-hai-khau-sung-da-gay-ra-vu-ban-nguoi-post496742.html
0,VNM.2023.11.16.001,Illicit transfer,Police Seize Five Air Rifles From Resale Group in Can Tho,16 November 2023,"Truong Xuan, Thoi Lai, Can Tho",10.0075018948434,105.532215357149,"Police seized five air guns, one kg of lead pellets, and air gun parts when they arrested three men suspected of buying and selling firearms. The main suspect confessed to buying one of the firearms over social media for his own use before selling it on to the other two suspects. Image showed five high quality gas rifles.",5 air rifles (craft rifles),"Criminal Organization
Police",Criminal organization (resale group); Police,"Criminal, State",,,,,,,,,,,,,,,,,,,,,,5,,,,"Crime, Online",,5,https://baophapluat.vn/bat-giu-3-doi-tuong-tang-tru-mua-ban-sung-hoi-o-can-tho-post495624.html
10,VNM.2023.11.16.002,Seizure,"Police seize handgun hidden in karaoke room, used to threaten rival group in Tien Giang",16 November 2023,"Ap Long Thanh, Long Binh Dien Commune, Cho Gao District, Tien Giang",10.35173100765588,106.4376077552002,"Police seized a handgun and five rounds of ammunition from Pham Nguyen Huy Truong after he hid it in a karaoke establishment in Ap Long Thanh, Long Binh Dien Commune, Cho Gao District, Tien Giang, on 16 November 2023. Truong (born 2002) bought the gun and ammunition online on 12 November for VND 900,000 and hid it in the karaoke business.

Tran Viet Duc (born 2006), who had seen where Truong stashed the weapon, took it and carried it to Long Binh Dien Commune to threaten a rival group of youths over a personal dispute. Police subsequently inspected the karaoke establishment and discovered the weapon, leading to the detention of both Truong and Duc for illegal possession of a military-grade weapon.","1 handgun
5 rounds of ammunition","Gang
Police","Gang (Pham Nguyen Huy Truong, born 2002; Tran Viet Duc, born 2006); Police (Cho Gao District Police Administrative Management Division, Cho Gao District Police Criminal Investigation Team, Long Binh Dien Commune Police).","Criminal, State",,1,,,,,,,,,,,,,,,,,,5,,,,,,"Online, Interpersonal dispute, Gang violence",,1.05,https://www.sggp.org.vn/tien-giang-tam-giu-2-doi-tuong-tang-tru-trai-phep-vu-khi-quan-dung-post714423.html
9,VNM.2023.11.10.001,Illicit manufacture,"Police seize shotgun, revolvers from gun workshop after traffic stop in Dong Nai",10 November 2023,"Tam Hoa Ward, Bien Hoa City, Dong Nai",10.9440007029586,106.863558954773,"Police seized three craft revolvers, a craft shotgun, and an unspecified craft firearm after a roadside stop of Phan Phu Cuong led them to a gun workshop in Bien Hoa City, Dong Nai on 10 November 2023. Police stopped Cuong after observing him riding a motorbike with a cardboard box while patrolling National Highway 1A in Tam Hoa Ward. Officers found a revolver and seven rounds inside the package. Cuong told police he had obtained the gun from a man known as Tuyen, living in Trang Dai Ward.

Police searched Tuyen's home and recovered a craft shotgun, two revolvers, an unspecified craft firearm, nine rounds of ammunition and various tools and components for manufacturing and assembling firearms. Cuong was turned over to Bien Hoa City Police for further investigation.","3 converted revolvers (craft handguns)
1 additional craft handgun
1 craft shotgun
9 rounds of ammunition","Criminal Organization
Police","Criminal Organization (Phan Phu Cuong, born 1996; ""Tuyen,"" full name unknown); Police (Dong Nai Provincial Police Task Force 161, Bien Hoa City Police).","Criminal, State",,,,,,,,,,,,,,,,,,,,9,4,,1,,,"Crime, Conversion",,2.59,https://tuoitre.vn/plo/to-cong-tac-161-phat-hien-lo-san-xuat-sung-dan-o-tp-bien-hoa-109761050.htm
0,VNM.2023.11.05.001,Seizure,Man Shoots Victim With Air Rifle Following Altercation in Ba Ria-Vung Tau,05 November 2023,"Kim Dinh, Ba Ria, Ba Ria - Vung Tau",10.5000834751964,107.136126909303,"Police seized an air rifle following an altercation between a suspect and another individual in Kim Dinh, Bà Rịa, Ba Ria - Vung Tau Province. Following an initial dispute and altercation between the two, the suspect returned to the residence of the victim with two of his employees, who assaulted him. The suspect shot the victim with the air rifle before leaving. Image showed the rifle.",1 air rifle (craft rifle),Criminal Individual,Criminal individual,Criminal,,,,,,,,,,,,,,,,,,,,,,1,,,,Crime,,1,https://baophapluat.vn/mau-thuan-trong-luc-nhau-thanh-nien-ve-nha-lay-sung-roi-ban-ban-bi-thuong-post494524.html
0,VNM.2023.10.26.001,Illicit transfer,"Police Seize Revolvers, Pistols, and Assault Rifle From Trafficking Suspect Linked to Prior HCMC Case",26 October 2023,"Huynh Tan Phat, Nha Be, Nha Be, HCMC",10.7141369500792,106.736905176696,"Police seized 10 revolvers, 1 AR-15 assault rifle, and 71 rounds of ammunition when they raided the rented motel room of a gun trafficking suspect, Tran Duy Khanh. The case was linked to another HCMC-based trafficking network (see VNM.2022.09.17.002). Images of the weapons showed one M16A1 assault rifle, 2 pistols, 8 revolvers, and dozens of rounds of ammunition.

The suspect was involved in a major seizure in 2022 (see VNM.2022.06.20.001).","1 M16A1/AR-15 assault rifle 
2 pistols
8 revolvers 
71 rounds of ammunition","Criminal Organization
Police",Criminal organization (arms trafficking suspect with history of prior seizures); Police,"Criminal, State",,2,8,1,,,,,,,,,,,,,,,,71,,,,,,Crime,,15.71,https://tuoitre.vn/bat-them-nghi-pham-che-tao-mua-ban-vu-khi-quan-dung-20231026204406615.htm
9,VNM.2023.10.23.001,Illicit transfer,Four friends convicted after borrowing and test-firing online-purchased revolver in An Giang,23 October 2023,"Vong Dong Commune, Thoai Son District, An Giang",10.2621545212776,105.164297840274,"Police seized one converted revolver and two rounds of ammunition along with 7.8376 grams of methamphetamine when they searched Bui Thi Nhung’s home in Vong Dong Commune, Thoai Son District, An Giang on 23 October 2023. Investigation revealed that Ho Van Tuan bought the revolver in September 2023 and lent it to friends to test-fire before pawning it, leading to the conviction of four suspects.

In September 2023, Tuan bought the revolver and six rounds via Facebook for VND 4 million, having a friend transfer payment on his behalf; he lost one round upon receiving the weapon and hid it at home. On 14 October, Luu Huynh Ty and Tran Thanh Binh borrowed the gun from Tuan for a VND 30,000 fee. They took it to a vacant lot in Ap Tan Hiep, Vong The Commune, where Ty fired one round while Binh filmed on his phone.

Ty returned the gun the next day but, after enjoying the experience, borrowed it again two days later and fired two more rounds at the same location with other friends present. Ty returned the gun to Tuan on 22 October; short of cash, Tuan pawned it that evening to Le Thanh Tan for VND 200,000, and Tan hid it inside a broken electric kettle at the home of his partner, Bui Thi Nhung.

Police searched Nhung's home following a tip and recovered the revolver. Nhung and Tan were detained on drug charges, and Ty turned himself in the same day. Forensic examination determined the smooth-bore revolver, firing 5.6x15.5mm ammunition, could cause injury or death and qualified as a military-grade weapon. On 27 March 2024, the An Giang Provincial People's Court sentenced Tuan to 2 years, Ty to 1 year 3 months, and Tan to 1 year 3 months for illegal possession and trading of a military-grade weapon, and gave Binh a 1-year suspended sentence for illegal transport of the weapon.","1 craft handgun (revolver)
6 rounds of ammunition","Gang
Criminal Individual
Police
Other State Agency","Gang (Ho Van Tuan, born 1997; Luu Huynh Ty, born 2006; Tran Thanh Binh, born 2006; Le Thanh Tan, born 1999); Criminal Individual (Bui Thi Nhung, charged separately for drug possession); Police (Thoai Son District Police Criminal Investigation Team); Other State Agency (An Giang Provincial People's Court).","Criminal, State",,,,,,,,,,,,,,,,,,,,6,1,,,,,"Online, Crime, Conversion",Drug trafficking,0.56,https://tuoitre.vn/plo/an-giang-mua-sung-ve-ban-thu-3-thanh-nien-vao-tu-109782448.htm
9,VNM.2023.10.13.001,Seizure,Man surrenders revolver after shooting rival during debt dispute in Hai Phong,13 October 2023,"An Duong Ward, Le Chan District, Hai Phong",20.8495182278472,106.666026150814,"Nguyen Huu Thang surrendered a converted revolver to police after he fired it during a brawl stemming from a debt dispute in An Duong Ward, Le Chan District, Hai Phong on 7 October 2023. Thang and two others encountered a four-person group led by a woman identified as PTN on Pham Huy Thong Street, An Duong Ward; the two sides began arguing over a pre-existing debt-related grievance, and the confrontation escalated when Thang fired the revolver, wounding one member of PTN's group. Police investigated and detained Thang on 13 October 2023.",1 converted revolver (craft handgun),"Gang
Police","Gang (Nguyen Huu Thang, born 1997); Police (Le Chan District Police Criminal Investigation Team).","Criminal, State",,,,,,,,,,,,,,,,,,,,,1,,,,,"Interpersonal dispute, Conversion",,0.5,https://tuoitre.vn/plo/hai-phong-mau-thuan-tu-vay-no-no-sung-gay-thuong-tich-109756368.htm
0,VNM.2023.10.08.001,Illicit manufacture,Police Arrest Mechanic Who Converted Pellet Guns to Fire Live Ammunition in Dak Lak,08 October 2023,"Cu Yang, Ea Kar, Dak Lak",12.67428353585,108.638444314492,"Police seized nine firearms and over 850 rounds of assorted ammunition when they arrested two members of a gun trafficking network. The first suspect, Hoang Dinh Nam, was a mechanic who converted pellet guns to fire live ammunition. He began doing so in early 2023 out of financial necessity. He bought the weapons for VND 5-7 million and sold them for VND 8-9 million. 

All transactions took place online; the suspect provided his bank details to a buyer before sending a weapon; he used an express delivery or courier service to deliver the goods. The suspect manufactured and sold 13 guns since early 2023, including 2 AK-pattern assault rifles, 1 K54 pistol, 6 revolvers, and 820 bullets of various types.

Nam's testimony led to the arrest of a second suspect, Hoang Van Vu in Hai Phong City, who bought two weapons from Nam to resell them online at a profit. Images showed one revolver, one air rifle, and one shotgun.","2 converted pellet guns, AK-pattern rifle form (craft rifles)
1 converted pellet gun, K54 pistol form (craft handgun)
6 converted pellet guns, revolver form (craft handguns)
850 rounds of ammunition","Criminal Organization
Police",Criminal organization (manufacturer/seller/buyer network); Police,"Criminal, State",,,,,,,,,,,,,,,,,,,,850,7,2,,,,"Crime, Online, Conversion",,14,https://cand.com.vn/Ban-tin-113/tho-co-khi-che-tao-sung-quan-dung-dem-di-ban--i709666/
10,VNM.2023.10.01.001,Seizure,Da Nang airport screening intercepts revolver disguised as tattoo-machine parcel,01 October 2023,"Da Nang International Airport cargo terminal, Hai Chau District, Da Nang",16.05400158242825,108.2027663155397,"Aviation security personnel seized a ZP-5 converted revolver and 6 rounds of ammunition, wrapped in a paper box, inside a parcel labeled as containing a tattoo machine being sent from Da Nang to Binh Duong Province at the cargo terminal of Da Nang International Airport in Hai Chau District, Da Nang on 1 October 2023. The shipment had been checked in by delivery employee Nguyen Manh H. (of Thanh Khe District, Da Nang), an employee of the EMS Buu Dien courier company, who could not produce a required transport permit. This was the third time in about six months that Da Nang Airport screening had intercepted a parcel containing a firearm, following incidents on 14 March and 15 April 2023.","1 ZP-5 converted revolver (craft handgun)
6 rounds of ammunition","Criminal Individual
Other State Agency
Police",Criminal Individual (Nguyen Manh H.); Other State Agency (Da Nang International Airport Aviation Security Center); Police (Hai Chau District Police).,"Criminal, State",,,,,,,,,,,,,,,,,,,,6,1,,,,,Conversion,,0.56,https://www.sggp.org.vn/lien-tiep-phat-hien-cac-vu-van-chuyen-sung-trai-phep-qua-san-bay-da-nang-post708232.html
0,VNM.2023.09.29.001,Surrender/Amnesty,"Residents Surrender Weapons During Amnesty Campaign in Thu Duc, Ho Chi Minh City",29 September 2023,"Thu Duc, HCMC",10.8491020492178,106.768646576179,"Residents of Thu Duc handed over dozens of weapons, including three gas guns and 9 rounds of ammunition during a weapons amnesty organized by the police. Images showed at least one revolver and one pistol.","3 'gas guns' (craft rifles)
9 rounds of ammunition","Civilian Community
Police",Civilian community; Police,"Other, State",,,,,,,,,,,,,,,,,,,,9,,3,,,,,,3.09,https://www.sggp.org.vn/nguoi-dan-giao-nop-nhieu-kiem-ma-tau-sung-post707652.html
0,VNM.2023.09.23.001,Seizure,Police Seize Pistol and Revolver From Drug Dealer in Dong Nai,23 September 2023,"La Hoa, Xuan Dong, Cam My, Dong Nai",10.7640693487755,107.366664480612,"Police seized two firearms and six rounds of ammunition as well as 25 packets of synthetic drugs when they arrested a suspected drug dealer. The suspect said he purchased the drugs from a supplier so that he could sell them on to addicts for a profit.

VietnamNet posted an image of the weapons, showing one pistol and one revolver frame missing key components.","1 pistol 
1 revolver 
6 rounds of ammunition",Criminal Individual,Criminal individual (drug dealer),Criminal,,1,1,,,,,,,,,,,,,,,,,6,,,,,,Crime,Drug trafficking,2.06,https://baophapluat.vn/bat-giu-doi-tuong-tang-tru-trai-phep-chat-ma-tuy-va-2-khau-sung-post489575.html
0,VNM.2023.09.20.001,Seizure,Police Seize Revolver Used in Bookstore Robbery in Dong Nai,20 September 2023,"Phuoc Thai, Long Thanh, Dong Nai",10.6821635193449,107.024767538324,"Police seized a revolver when they arrested a man suspected of using it to rob a bookstore in Phước Thái, Long Thành, Dong Nai Province. The suspect confessed to purchasing the weapon over social media with the intention of using it to rob businesses.",1 revolver ,Criminal Individual,Criminal individual,Criminal,,,1,,,,,,,,,,,,,,,,,,,,,,,"Crime, Online",,1,https://vietgiaitri.com/dung-sung-khong-che-chu-va-nhan-vien-nha-sach-de-cuop-tai-san-20230927i6991163/
0,VNM.2023.09.19.001,Seizure,Police Seize Two Pistols From Drug and Arms Trafficking Ring Near Laos Border in Son La,19 September 2023,"Muong Sai, Song Ma, Son La",20.9780538530054,103.996434945367,"Police seized two pistols and 35 rounds of ammunition along with 1.5 kg of heroine, 2 kg of crystal meth, and over 3,000 pills when they arrested a suspected drug trafficker. His arrest led to two more people being arrested as part of a suspected drug and arms trafficking ring bringing in contraband from Laos. ","2 pistols (real, unspecified)
35 rounds of ammunition","Criminal Organization
Police",Criminal organization (drug and arms trafficking ring); Police,"Criminal, State",,2,,,,,,,,,,,,,,,,,,35,,,,,,"Crime, Smuggling",Drug trafficking,2.35,https://baophapluat.vn/bat-doi-tuong-mang-theo-2-khau-sung-quan-dung-van-chuyen-hon-30000-vien-ma-tuy-post489185.html
0,VNM.2023.09.19.002,Seizure,Police Seize Two Revolvers From Suspected Criminal Figure in Da Nang,19 September 2023,"Nam Tran street, Hoa Minh, Da Nang City",16.0606208628924,108.171562709534,"Police seized two revolvers and six rounds of ammunition when they arrested a suspected criminal figure in Da Nang. Police ambushed the suspect's vehicle near a karaoke lounge and found the weapons during their inspection of the car. The suspect confessed to purchasing the weapons online in 2022 for self protection. The report did not specify the suspect's criminal activities beyond the illegal firearm possession, though it suggested he was well-connected within Da Nang's criminal underworld.

HCMC Police reported that the arrest took place after police received information that criminal figures were able to arm themselves. Image showed two revolvers and six rounds of ammo. ","2 revolvers
6 rounds of ammunition","Criminal Organization
Police",Criminal organization (well-connected criminal figure); Police,"Criminal, State",,,2,,,,,,,,,,,,,,,,,6,,,,,,"Crime, Online",,2.06,https://baophapluat.vn/bat-doi-tuong-com-can-nhieu-tien-an-o-da-nang-thu-giu-2-khau-sung-post488678.html
0,VNM.2023.09.17.001,Illicit transfer,Police Dismantle Cross-Province Arms Trafficking Network Buying Weapons Over Facebook in Binh Thuan,17 September 2023,"Group 1, Dan Hiep, Ham Kiem, Ham Thuan Nam, Binh Thuan",10.9024022196084,108.007979398874,"Police from several provinces seized 14 firearms and arrested six suspects when they took down a suspected arms trafficking network. One suspect, Nguyen Thanh Dong, bought weapons over Facebook; police seized two rifles, three handguns, and around 284 rounds of ammunition from his residence. Images showed one high quality air rifle, two revolvers (possible ZP-5s), and one revolver frame.","1 air rifle (craft rifle)
1 rifle (unspecified)
2 possible converted 'ZP-5' revolvers (craft handguns)
1 revolver
9 unspecified firearms
284 rounds of ammunition","Criminal Organization
Police",Criminal organization (arms trafficking network); Police,"Criminal, State",9,,1,,1,,,,,,,,,,,,,,,284,2,1,,,,"Crime, Online, Conversion",,17.84,https://baolamdong.vn/bat-doi-tuong-trong-duong-day-che-tao-vu-khi-368080.html
0,VNM.2023.09.17.002,Illicit manufacture,Police Dismantle Online Firearm Modification Network in Binh Duong,17 September 2023,"Thuan An, Binh Duong",10.9358773308802,106.713044505763,"Police seized eight handguns, 41 rounds of ammunition, and several gun components when they arrested three members of a suspected network that modified, bought, and sold firearms online. Two of the suspects had defined roles in the network: one converted weapons to fire live ammunition and advertised them online while the other arranged deliveries. The third suspect was a buyer. The suspects operated on social media. Images showed six ZP-5 revolvers, one craft production pistol, one crude craft production handgun, and several rounds of ammunition.

Pha Pluat HCM reported that follow-up investigations led to the seizure or an additional 1 firearm and 47 rounds of ammunition as well as the arrest of two more suspects, likely buyers in the network.","6 converted 'ZP-5' revolvers (craft handguns)
2 craft production pistols/handguns (craft handguns)
1 unspecified firearm (follow-up seizure, no evidence)
88 rounds of ammunition","Criminal Organization
Police",Criminal organization (firearm modification network); Police,"Criminal, State",1,,,,,,,,,,,,,,,,,,,88,8,,,,,"Crime, Online, Conversion",,5.88,https://baophapluat.vn/bat-3-nghi-can-che-tao-sung-de-ban-tren-mang-post488668.html
8,VNM.2023.09.03.001,Seizure,Carbine rifle found buried in forest leads to arrests in Gia Lai,03 September 2023,"Ia Pa District, Gia Lai",13.525611693449,108.459920656263,"Police seized a Carbine M2 rifle and dozens of rounds of ammunition from Dinh Kor and Rmah Bron on 3 September 2023. They said they had found the rifle and ammunition while farming near a forest in Ia Pa District, Gia Lai and buried them for safekeeping. A court in Gia Lai sentenced Kor to 30 months and Bron to 24 months in December 2023 for illegal possession of a military weapon; Bron was also separately fined VND 15 million for illegal possession of a hunting gun.",1 Carbine M2 rifle; 36 rounds of ammunition.,"Criminal Individual
Police","Criminal Individual (Dinh Kor, born 1989; Rmah Bron, born 1985); Police (Ia Pa District Police, Gia Lai Provincial Police Security Investigation Agency).","Criminal, State",,,,,1,,,,,,,,,,,,,,,36,,,,,,,,3.36,https://dantri.com.vn/phap-luat/bat-giu-2-doi-tuong-cat-giau-sung-quan-dung-cung-nhieu-vien-dan-20230903104604408.htm
6,VNM.2023.08.29.001,Illicit manufacture,Nationwide air-rifle manufacturing and sales ring traced to Hanoi trafficker,29 August 2023,"Thanh Cao Commune, Thanh Oai District, Hanoi",20.8848577545174,105.749427066473,"Police seized 4 assembled air rifles, 290 rounds of sporting ammunition, 11kg of lead pellets, and hundreds of unassembled gun components when they arrested Nguyen Van Vu at his home in Thanh Cao Commune, Thanh Oai District, Hanoi on 29 August 2023. The arrest stemmed from a March 2023 case in Pleiku, Gia Lai, in which police seized a military-pattern gun, an air-powered gun, and a hunting gun from Tran Quoc Khuong, who told investigators he had bought a hunting gun and 16 rounds from a seller on Zalo; tracing that seller led investigators to Vu over several months, and from Vu to three further Hanoi-area suspects — Vu Van Hai, Nguyen Van Trieu, and Nguyen Trung Ban — arrested by 3 September 2023 with 3 more assembled guns, 18 rounds, and 625 additional components.

The wider investigation ultimately charged 37 defendants across 15 provinces, identifying Hai and Ban as ring leaders who commissioned machine shops in Hanoi and Bac Giang to manufacture gun components, which core members assembled and sold via Zalo, Facebook, and YouTube, shipping components split across multiple parcels and couriers to avoid detection. Images of several rifles showed production patterns consisted with CNC machining.

The final court tally recorded 33 firearms legally classified as military-pattern weapons and 5 additional air/sporting guns (38 functional firearms, plus 7 recovered non-functional guns), 832 rounds of sporting ammunition, 969 rounds and 11kg of additional lead pellets, and 1,974 unassembled components; in September 2025 the Gia Lai court sentenced Hai to 14 years, Ban to 10 years, Vu to 12 years 6 months, and Trieu to 12 years, with the remaining defendants — mostly buyers who purchased complete or component guns for hunting — receiving sentences from 15 months to 8 years.","38 craft rifles, 7 unspecified firearms
1,801 rounds of ammunition
1,974 unassembled gun components.","Criminal Organization
Police","Criminal Organization (Nguyen Van Vu, born 1993; Vu Van Hai, born 1997; Nguyen Trung Ban, born 1990; Nguyen Van Trieu, born 1998; Nguyen Thi Kim Oanh, born 1996; Tran Quoc Khuong, born 1994; 37 total defendants across 15 provinces); Police (Pleiku City Police, Gia Lai Provincial Security Investigation Agency, Hanoi Police, Ministry of Public Security Cybersecurity and High-Tech Crime Prevention Department).","Criminal, State",7,,,,,,,,,,,,,,,,,,,1801,,38,,,,"Online, Crime, CNC",,63.010000000000005,https://cand.vn/bat-7-doi-tuong-trong-duong-day-mua-ban-sung-dan-lien-tinh-post707158.html
0,VNM.2023.08.27.001,Illicit use/possession,Man Sentenced for Shooting Victim With Air Rifle in Phu Yen,27 August 2023,"Phu Thanh, Tuy Hoa City, Phu Yen",13.0536733167969,109.327290238572,"People's Court of Phu Yen province sentenced a man for shooting a victim with an air rifle in Phu Thanh, Tuy Hoa City in August 2023. The suspect drove by a group of individuals, one of whom resembled an individual he previously had an altercation with. Following an initial argument with the individuals, he retreived an air rifle from his residence and returned to the group, shooting one individual in the neck. He fled and disposed the weapon at the Ham Nuoc market before taking a bus to HCMC. He then disposed his SIM card and fled to Cambodia.",1 air rifle (craft rifle),Criminal Individual,Criminal individual,Criminal,,,,,,,,,,,,,,,,,,,,,,1,,,,Crime,,1,https://baophapluat.vn/lanh-6-nam-tu-vi-dung-sung-hoi-ban-nguoi-post540751.html
0,VNM.2023.08.25.001,Seizure,Police Seize Nine Firearms and Grenades From Residence Search in Quang Ngai,25 August 2023,"Ha Nhai Bac, Tinh Ha, Son Tinh, Quang Ngai",15.1621143028447,108.767043932826,"Police seized 9 firearms, 2 hand grenades, 579 rounds of ammunition, rifle pellets, and other weapons as well as drugs when they arrested an individual and inspected his residence after receiving a tip-off. An image showed one Colt 1911 pistol, three revolvers, two craft production hanguns, one hand grenade, one training grenade, at least two gun components, and assorted ammunition ","1 Colt 1911 pistol
3 revolvers 
2 craft production handguns (craft handguns)
3 unspecified firearms
2 hand grenades (incl. 1 training, possibly inert)
579 rounds of ammunition",Criminal Individual,Criminal individual,Criminal,3,1,3,,,,,,,,,,,,,2,,,,579,2,,,,,Crime,,23.79,https://tuoitre.vn/cong-an-phat-hien-nguoi-tang-tru-sung-ar15-nguoi-giau-8-khau-sung-20230901153626646.htm
0,VNM.2023.08.23.001,Seizure,Police Seize AR-Pattern Rifle and Air Rifle From Personal Dispute Suspect in Quang Ngai,23 August 2023,"Nang Tay 3 Village, Nghia Phuong, Tu Nghia, Quang Ngai",15.0575341797142,108.842825170038,"Police seized one AR-pattern assault rifle, one craft production air gun, 21 rounds of ammunition, and rifle pellets when they inspected the rented room of a suspect. The suspect had acquired the weapons in order to resolve a personal conflict. 

Images posted by Thanh Nien showed what appeared to be one shortened M16A1 assault rifle, one high-quality air rifle, and four rounds of ammunition. ","1 M16A1 assault rifle
1 air rifle (craft rifle)
21 rounds of ammunition",Criminal Individual,Criminal individual,Criminal,,,,1,,,,,,,,,,,,,,,,21,,1,,,,Crime,,6.21,https://tuoitre.vn/cong-an-phat-hien-nguoi-tang-tru-sung-ar15-nguoi-giau-8-khau-sung-20230901153626646.htm
0,VNM.2023.08.21.001,Seizure,Police Seize Pistol During Vehicle Checkpoint in Lao Cai,21 August 2023,"Aristo hotel, Kim Tan, Lao Cai",22.4819095023029,103.977137254894,Police seized one pistol and 24 rounds of ammunition along with a moderate quantity cannabis when they inspected a suspect's car. The suspect confessed to borrowing the car and preparing the pistol and cannabis himself. Image showed the pistol and ammunition.,"1 pistol (unspecified)
24 rounds of ammunition",Criminal Individual,Criminal individual,Criminal,,1,,,,,,,,,,,,,,,,,,24,,,,,,Crime,,1.24,https://baoquangninh.vn/tai-xe-lexus-tu-ha-noi-len-lao-cai-mang-theo-sung-va-ma-tuy-3255890.html
0,VNM.2023.08.15.002,Seizure,Police Seize Craft Pistol and Revolver From Drug Suspect's Residence in Can Tho,15 August 2023,"145 Xo Viet Nghe Tinh, Phuong 6, Soc Trang City, Can Tho",9.6077295420495,105.972813511284,"Police seized two firearms and 38 rounds of ammunition along with a sachet of suspected crystal meth when they inspected the residence of drug suspect Nguyen Be Tam in Phuong 6, Soc Trang City, Can Tho on 15 August 2023. Image showed one craft production pistol, one revolver, and several rounds of ammo.","1 craft pistol
1 ZP-5 converted revolver 
38 rounds of ammunition",Criminal Individual,Criminal individual (drug user),Criminal,,,,,,,,,,,,,,,,,,,,38,2,,,,,"Crime, Conversion",,1.38,https://baophapluat.vn/bat-qua-tang-doi-tuong-giau-trong-nha-boc-ma-tuy-da-cung-2-khau-sung-post484781.html
0,VNM.2023.08.12.001,Illicit manufacture,Police Intercept 3D-Printed Handguns Shipped Through Da Nang Post Office,12 August 2023,"Economy Delivery Post Office, Hoa Hiep Nam, Lien Chieu District, Da Nang",16.1073720866804,108.131363752644,"Police seized four 3D-printed handguns after they were intercepted at a Da Nang post office on 12 August 2023. The weapons had been produced by Pham Ngoc Son who found foreign websites online with instructions for 3D printed firearms in July 2023.The suspect ordered 3D printing equipment and collected these designs with the intent of producing and selling weapons within Vietnam online. The suspect printed the weapon frame and added a brass barrel, delivering the weapons to clients via a courier service. The shipment was intercepted through coordination between the Investigation Security Agency and the Post Office. Upon arrest, Son confessed that he produced and sold 10 guns for online customers at a fixed price of VND 900,000 per gun. Images showed the deringer-style printed handguns.

Following this incident, the Da Nang Police Investigation Agency requested that 3D printing establishments strictly comply with legal regulations on printing services and absolutely not assist individuals in printing military weapon components. The police also urged residents to strictly comply with legal regulations on the management and use of military weapons; and to voluntarily and responsibly report, declare, and surrender military weapons",4 deringer-style 3D-printed handguns (craft handguns),"Criminal Individual
Other State Agency","Criminal individual (manufacturer); Other State Agency (Investigation Security Agency, Post Office)","Criminal, State",,,,,,,,,,,,,,,,,,,,,4,,,,,"Crime, Online, 3D Printing",,2,https://baoquangninh.vn/thanh-nien-mua-may-in-3d-de-che-tao-sung-3255550.html
1,VNM.2023.08.03.001,Illicit transfer,Couple caught reselling online-bought handgun in Dong Nai,03 August 2023,"Bac Son Commune, Trang Bom District, Dong Nai",20.6144563165991,106.290089195511,"Police seized one military-pattern handgun and six rounds of ammunition from Nguyen Minh Tri and Nguyen Thi Ngoc Phuong after stopping the pair on a motorbike in Bac Son Commune, Trang Bom District, Dong Nai, on 3 August 2023. Officers on routine patrol found the weapon and ammunition inside a bag Tri was carrying. Tri admitted buying the gun online from an unidentified seller and was in the process of reselling it to another buyer when he was caught.","1 ZP-5 converted revolver
6 rounds of .22 caliber ammunition.","Criminal Individual
Police","Criminal Individual (Nguyen Minh Tri, born 2001 — perpetrator, detained; Nguyen Thi Ngoc Phuong, born 2005 — detained); Police (Bac Son Commune Police, Trang Bom District, Dong Nai).","Criminal, State",,,,,,,,,,,,,,,,,,,,6,1,,,,,"Crime, Online, Conversion",,0.56,https://cand.vn/len-mang-mua-sung-quan-dung-roi-mang-di-ban-post702599.html
1,VNM.2023.07.29.001,Seizure,Police seize four firearms and improvised explosives during large brawl in Tien Giang,29 July 2023,"Rach Mieu Bridge, My Tho City, Tien Giang",10.4407727009783,105.701771582443,"Police fired multiple warning shots to stop six vehicles carrying 31 men armed with four firearms, an improvised explosive device, and other weapons on Rach Mieu Bridge in My Tho City, Tien Giang, on 29 July 2023. The group — mostly residents of Ben Tre, along with others from Vinh Long, Hau Giang, Long An, Soc Trang, and Dong Thap — traveled to confront a rival group from Vinh Long in a dispute over unpaid loans. Sixteen of the 31 men tested positive for narcotics; a follow-up search two days later of the home of Ho Thiet Tuong, described as a key figure in the network, recovered two more rounds of ammunition and a second improvised explosive device.","3 converted blank-firing 9mm pistols
1 unspecified firearm
27 rounds of 9mm ammunition
2 improvised explosive devices.","Gang
Police","Gang (31 men aged 24–36, primarily from Ben Tre, arrested; Ho Thiet Tuong, born 1995 — identified as a key figure, arrested); Police (Tien Giang Provincial Police Criminal Police Department, Mobile Police, Traffic Police; Ben Tre Provincial Police).","Criminal, State",1,,,,,,,,,,,,,,,,,,2,27,3,,,,,"Crime, Gang violence",Illicit business,22.77,https://cand.vn/bat-31-doi-tuong-cung-nhieu-sung-dan-o-tien-giang-ngan-chan-kip-thoi-vu-hon-chien-post702042.html
6,VNM.2023.07.28.001,Seizure,Police seize CZ75 pistol bought online from man following deadly domestic dispute in Khanh Hoa,28 July 2023,"Ninh Hiep Ward, Ninh Hoa Town, Khanh Hoa",12.4927063541091,109.129356087128,"Phan Thanh Dung used a CZ75 pistol, bought online along with a separate converted revolver, to shoot Đ.P.Đ (52), the father of his former partner, and Đ.T.A (26) following a breakup and ongoing dispute with the family in Ninh Hiep Ward, Ninh Hoa Town, Khanh Hoa on 28 July 2023. Bystanders overpowered Dung as he tried to flee, and he wounded one pursuer with a knife before being subdued; police recovered the pistol at the scene. Dung was later convicted of murder and of illegally possessing and using a military weapon, and sentenced to a combined 17 years in prison.","1 CZ75-pattern pistol
1 converted revolver
28 rounds of ammunition.","Criminal Individual
Police","Criminal Individual (Phan Thanh Dung, born 1994); Police (Ninh Hoa Town Police, Khanh Hoa Provincial Police Investigation Agency).","Criminal, State",,1,,,,,,,,,,,,,,,,,,28,1,,,,,"Interpersonal dispute, Online, Conversion",,1.78,https://tuoitre.vn/nld/phap-luat/xac-dinh-nghi-pham-no-sung-khien-2-nguoi-bi-thuong-o-khanh-hoa-20230729175210637.htm
1,VNM.2023.07.21.001,Seizure,Revolver hidden inside teddy bear seized from An Giang man,21 July 2023,"Binh Hoa Commune, Chau Thanh District, An Giang",10.4637737302345,105.345797490295,"Police seized one revolver-type handgun hidden inside a stuffed teddy bear and 22 rounds of ammunition along with several blunt and bladed weapons from Nguyen Thanh Phat during an administrative search of his home in Binh Hoa Commune, Chau Thanh District, An Giang, on 21 July 2023. The arrest was prompted by a tip-off from a resident. Phat admitted buying the revolver and ammunition online for VND 3 million to keep for personal protection, and forensic analysis by the Ministry of Public Security's forensic science sub-institute confirmed the weapon was a military-pattern firearm; the case remains under investigation by Chau Thanh District Police and the An Giang Provincial Security Investigation Department.","1 ZP-5 converted revolver
22 rounds of ammunition.","Criminal Individual
Police","Criminal Individual (Nguyen Thanh Phat, born 1989 — perpetrator, detained); Police (Chau Thanh District Investigation Police, An Giang Provincial Security Investigation Department).","Criminal, State",,,,,,,,,,,,,,,,,,,,22,1,,,,,"Crime, Online, Conversion",,0.72,https://cand.vn/mua-sung-quan-dung-tren-mang-xa-hoi-de-phong-than-post701353.html
9,VNM.2023.07.16.001,Seizure,Five men detained after opening fire on rival during bar brawl in Long An,16 July 2023,"Ward 6, Tan An City, Long An",10.5448425228217,106.386609262405,"Police seized two craft revolvers and 10 rounds of ammunition after Pham Minh Tien and four associates opened fire on a rival during a brawl at a bar in Ward 6, Tan An City, Long An on 16 July 2023. The incident erupted over a personal dispute with T.V.D. The suspects attempted to settle the matter at bar, but the two sides argued and fought. Tien's group fired two shots at D. with a homemade gun, missing him, though D. was beaten and hospitalized with a head injury.

Police recovered and confirmed the weapons functioned similarly to military firearms. On 4 January 2024, police formally charged and detained Tien, Minh, Thu, and Lam, while Tu -- already held on a separate charge by Thu Thua District Police -- was charged in custody.","2 converted revolvers (craft handguns)
10 rounds of ammunition","Gang
Police","Gang (Pham Minh Tien; Pham Dinh Tu; Le Nhut Minh; Nguyen Ngoc Thanh Thu; Nguyen Thanh Lam); Police (Tan An City Police Criminal Investigation Team, Long An Provincial Police Investigative Security Department, Thu Thua District Police).","Criminal, State",,,,,,,,,,,,,,,,,,,,10,2,,,,,"Interpersonal dispute, Gang violence, Conversion",,1.1,https://tuoitre.vn/plo/no-sung-trong-quan-nhau-o-long-an-5-nguoi-bi-bat-giam-109770169.htm
10,VNM.2023.07.05.001,Seizure,Teenager who bought gun online amid feud detained in An Giang,05 July 2023,"Ap Phu An II, Binh Hoa Commune, Chau Thanh District, An Giang",10.59829105682501,105.3064074972363,"Police seized a ZP-5 converted revolver and two rounds of ammunition from Cao Nguyen Hoang Phuc (19, of Binh Hoa Commune) at a relative's home in Ap Phu An II, Binh Hoa Commune, Chau Thanh District, An Giang around 5 July 2023. Fearing retaliation from a rival group of young men he and Huynh Quoc Binh (16, also of Binh Hoa Commune) had feuded with, Phuc bought the ZP-5 pistol and four rounds online about a month earlier for VND 3.5 million, then test-fired two rounds in a nearby field before storing it at home.

Binh borrowed the gun from Phuc and hid it at a relative's house in Ap Phu An II; when police arrived to conduct an administrative inspection there, Binh fled but later turned himself in to Chau Thanh District Police. An Giang Provincial Police Investigative Security Department ordered Phuc's emergency criminal detention on 5 July for illegal possession, use, and trading of a military-grade weapon. Binh, being under the age of criminal responsibility, was released to his family's custody pending further investigation.","1 ZP-5 converted revolver (craft handgun)
2 rounds of ammunition","Gang
Police","Gang (Cao Nguyen Hoang Phuc, born 2004; Huynh Quoc Binh, born 2007); Police (An Giang Provincial Police Investigative Security Department, Chau Thanh District Police).","Criminal, State",,,,,,,,,,,,,,,,,,,,2,1,,,,,"Online, Interpersonal dispute, Gang violence, Conversion",,0.52,https://www.sggp.org.vn/an-giang-tam-giu-thanh-nien-19-tuoi-len-mang-mua-sung-de-phong-than-post696181.html
9,VNM.2023.06.24.001,Seizure,Two teenagers arrested over online-purchased ZP-5 handgun in An Giang,24 June 2023,"Binh Hoa Commune, Chau Thanh District, An Giang",9.88185151552991,105.179037606244,"Police seized a ZP-5 converted revolver and two rounds of ammunition from Cao Nguyen Hoang Phuc and Huynh Quoc Binh, who were feuding with another group of youths in Chau Thanh District, An Giang, on 24 June 2023. Due to a dispute with a rival group, Phuc bought the ZP-5 handgun and four rounds online in early June 2023 for VND 3.5 million, then test-fired two rounds in a field before storing it at home.

On the night of 21 June, Binh borrowed the gun from Phuc and hid it at a relative's home in Binh Hoa Commune, Chau Thanh District; when police conducted an administrative check there on 24 June, Binh fled but later turned himself in on 3 July. Police recovered the handgun, two rounds, and two spent casings from the relative's home, along with other dangerous weapons.","1 converted ZP-5 revolver (craft handgun), 2 rounds of ammunition","Gang
Police","Gang (Cao Nguyen Hoang Phuc, born 2004; Huynh Quoc Binh, born 2007); Police (An Giang Provincial Police Investigative Security Department).","Criminal, State",,,,,,,,,,,,,,,,,,,,2,1,,,,,"Interpersonal dispute, Online, Conversion",,0.52,https://tuoitre.vn/plo/bi-tam-giu-hinh-su-vi-mua-sung-dan-de-phong-than-109740878.htm
0,VNM.2023.06.21.001,Seizure,Police Seize Nine Firearms Including Converted Revolver From Gang Supplying Weapons From Dak Lak to Binh Dinh,21 June 2023,"Tuy Phuoc, Binh Dinh",13.830443467658,109.143665355182,"Police seized ""7 military guns, 1 artillery gun, 1 rubber bullet gun"" and 87 rounds of ammunition when they arrested five suspected gang members who used firearms in their disputes. One suspect was thought to specialize in supplying weapons to gangs. The suspects confessed to ""having colluded to buy and sell guns with subjects in Dak Lak province."" An image showed a ZP-5 revolver with five rounds of ammunition.","7 'military guns' (unspecified)
1 'cap gun' (presumed converted/craft handgun)
1 'rubber bullet gun' (presumed converted/craft handgun)
87 rounds of ammunition","Gang
Police",Gang; Police,"Criminal, State",8,,,,,,,,,,,,,,,,,,,87,1,,,,,"Crime, Conversion, Gang violence",,9.37,https://www.sggp.org.vn/bat-4-doi-tuong-mua-nhieu-sung-dan-tu-dak-lak-post694838.html
0,VNM.2023.06.17.001,Seizure,Police Seize Revolver From Drug Dealer in Ninh Binh,17 June 2023,"Alley 20, Lang Bai street, Bai ward, Nho Quan, Ninh Binh",20.3251889459232,105.751433718824,"Police seized one revolver and 11 rounds of ammunition along with 340 grams of various drugs from a suspected drug dealer. The suspect confessed to buying the drugs in another province so he could sell them in Ninh Binh at a profit.

Congly reported that the suspect purchased the weapon and ammunition through social media on June 7, 2023. He purchased the drugs (136 grams of Ketamine and 134 grams of MDMA) for VND 100 million in Ha Dong, Hanoi on June 16. ","1 revolver
11 rounds of ammunition","Criminal Individual
Police",Criminal individual (drug dealer); Police,"Criminal, State",,,1,,,,,,,,,,,,,,,,,11,,,,,,"Crime, Online",Drug trafficking,1.11,https://baophapluat.vn/phat-hien-doi-tuong-mang-sung-di-ban-ma-tuy-post478901.html
0,VNM.2023.06.14.001,Seizure,Police Seize Craft Air Rifle From Bird Hunter in Thua Thien-Hue,14 June 2023,"Thuy Lap village, Quang Loi commune, Quang Dien district, Thua Thien-Hue",16.6050407715144,107.476336726257,"On 14 June, police of Quang Loi commune, Quang Dien district (Thua Thien-Hue province) received a report from residents that a stranger was in possession of a gun in the aquaculture area near Tam Giang lagoon in Thuy Lap village (Quang Loi commune). Upon receiving the report, the Quang Loi commune police approached and discovered a gun with the following characteristics: the gun had a metal aluminum barrel, a wooden handle; a silencer and compressed air tank were both made of metal; and there was a box of yellow lead bullets.
At the time of discovery, the gun was disassembled into three parts. The police identified Truong Van Tiep (born 1990, residing in Ba Thuoc district, Thanh Hoa province) as the person in possession of the gun. Lieutenant Colonel Vo Tien Thao, Head of the Quang Loi Commune Police, stated that the suspect confessed to possessing the gun for the purpose of shooting birds. It is known that Truong Van Tiep is from Thanh Hoa province but has a wife in Sia town – bordering Quang Loi commune. Currently, the police have drawn up a report on the incident and a record of temporary seizure of the evidence.",1 air rifle (craft rifle),Criminal Individual,Criminal individual (bird hunter),Criminal,,,,,,,,,,,,,,,,,,,,,,1,,,,Crime,Environmental crime,1,https://cand.vn/tranh-thu-gia-lang-nguoi-co-uy-tin-phoi-hop-van-dong-thu-hoi-vu-khi-vat-lieu-no-post697492.html
11,VNM.2023.06.11.001,Seizure,Authorities seize arms cache following insurgent attack in Dak Lak Province,11 June 2023,"Ea Tieu and Ea Ktur communes, Cu Kuin District, Dak Lak Province",12.61361906941848,108.1219640994161,"An armed group described by Vietnamese authorities as an insurgent movement (self-styled “linh Dega” or “Dega soldiers” and apparently linked to the exiled FULRO organization) attacked the headquarters of the Ea Tieu and Ea Ktur Commune People's Committees using firearms (including craft weapons, air guns, and sporting guns), grenades, knives, and Molotov cocktails in Cu Kuin District, Dak Lak Province on 11 June 2023. Insurgents killed nine people, wounded at least two police officers, and took three civilians hostage.

At the Ea Tieu commune office, a group of roughly 10 attackers stormed and set fire to the building, killing two on-duty commune police officers before shooting dead the commune chairman as they withdrew. At the Ea Ktur commune office, a larger group of roughly 30 attackers forced a truck driver to block the access road with his vehicle and killed him, then stormed the office, killing two police officers, wounding two others, killing the commune party secretary and two civilians, and taking three ethnic-minority residents hostage.

Police and army units launched an immediate manhunt across Cu Kuin District and the wider Central Highlands, arresting suspects in stages -- 39 by the morning of 13 June, 45 by that evening, 74 by 20 June -- while progressively recovering weapons used in the attack. The reported cache included 23 firearms (a mix of military-issue weapons, craft firearms, and air guns), 2 grenades, 1,199 rounds of ammunition, 15 detonators, and approximately 1.2 kg of explosive material. Police rescued two of the three hostages directly, while the third freed himself. The alleged ringleader, Y Tho Ayun (alias Ama Kzruh), was captured around 15-16 June. All fugitives had been captured by 21 July.

Vietnamese authorities alleged the attack was organized and directed by FULRO-linked individuals based in the United States, who recruited and incited domestic participants online. Sources name the overseas figures as Y Mut Mlo, Y Cik Nie, Y Nien Eya, Y But Eban, Y Chang Bya, and either Y Sol Nie or Y Quynh Bdap. In January 2024, the Dak Lak Provincial People's Court tried 100 defendants on charges including terrorism against the people's government, terrorism, organizing/brokering illegal exit from Vietnam, and concealing a crime; the six overseas-based defendants were tried and sentenced in absentia.","23 unspecified firearms
2 grenades
1,199 rounds of ammunition
15 detonators
approximately 1.2 kg of explosive material","NSAG
Police
Civilian Official
Other State Agency","NSAG (“linh Dega”/“Dega soldiers,” allegedly connected to FULRO); Police (four Ea Tieu/Ea Ktur commune police officers killed and two wounded; Dak Lak Provincial Police and Ministry of Public Security units); Civilian Official (Nguyen Van Dung, Chairman of Ea Tieu Commune People's Committee, killed; Nguyen Van Kien, Party Secretary and Chairman of Ea Ktur Commune People's Council, killed); Other State Agency (Dak Lak Provincial People's Court).","Non-State Armed Group, State",23,,,,,,,,,,,,,,,2,,,,1199,,,,,,"Insurgency, Political violence, Terrorism",,44.99,https://xaydungchinhsach.chinhphu.vn/vu-khung-bo-tai-dak-lak-khoi-to-84-bi-can-119230623155027369.htm
10,VNM.2023.06.09.001,Seizure,Police seize revolver from man in group gathered to fight rival youths in Binh Dinh,09 June 2023,"Bong Son Ward, Hoai Nhon Town, Binh Dinh",14.43458897185637,109.0175543708887,"Police seized a ZP-5 converted revolver and five rounds of ammunition from Phan Lam Dinh while he was part of a group of about 11 people gathered at a home preparing to fight a rival group in Bong Son Ward, Hoai Nhon Town, Binh Dinh on 9 June 2023. Police mobilized after receiving a tip about the planned confrontation and intercepted the group before violence broke out, finding the revolver and ammunition on Dinh (32, of Quy Nhon City). Dinh said the gun belonged to Nguyen Quoc Cuong (32, of Hoai Nhon Town), who had given it to him to bring to the fight. Cuong admitted he had bought the gun and ammunition on social media.","1 ZP-5 converted revolver (craft handgun)
5 rounds of ammunition","Gang
Police","Gang (Phan Lam Dinh, born approximately 1991; Nguyen Quoc Cuong, born approximately 1991, purchased weapon online); Police (Hoai Nhon Town Police, Binh Dinh Provincial Police).","Criminal, State",,,,,,,,,,,,,,,,,,,,5,1,,,,,"Gang violence, Online, Conversion",,44.99,https://dantri.com.vn/phap-luat/bat-giu-2-nguoi-mang-sung-di-giai-quyet-mau-thuan-20230620064153342.htm
1,VNM.2023.06.07.001,Seizure,Four-member arms-trafficking ring dismantled across An Giang and Binh Phuoc,07 June 2023,"Tri Ton Town, Tri Ton District, An Giang",10.4269059523802,105.001066967781,"Police seized one revolver marked ""TEHOOSEN,"" two revolvers marked ""SMITH WESSON,"" 10 rounds of ammunition, and several blunt and bladed weapons when they arrested Nguyen Cong Luan in Tri Ton Town, Tri Ton District, An Giang, on 7 June 2023. The arrest was the fourth and final arrest in an illegal firearms-trafficking case brought by the Binh Phuoc Provincial Security Investigation Agency. The case began in November 2022, when Chon Thanh Town authorities referred a firearms-possession matter to provincial investigators, who subsequently charged and detained three co-defendants — Phung Trong Khuong, Vu Thi Hoa, and Thach Ngoc Kim — before coordinating with Tri Ton District Police to arrest Luan; a bag of suspected methamphetamine crystal was also recovered during the investigation.","3 converted revolvers
10 rounds of ammunition.","Criminal Organization
Police","Criminal Organization (Nguyen Cong Luan, born 1994 — arrested; Phung Trong Khuong, born 2002 — arrested; Vu Thi Hoa, born 2001 — arrested; Thach Ngoc Kim, born 2000 — arrested); Police (Binh Phuoc Provincial Security Investigation Agency, Tri Ton District Police, An Giang).","Criminal, State",,,,,,,,,,,,,,,,,,,,10,3,,,,,"Crime, Conversion",,0.55,https://cand.vn/bat-tam-giam-nhom-mua-ban-trai-phep-vu-khi-quan-dung-post696724.html
8,VNM.2023.05.31.001,Illicit transfer,Drug raid at Binh Tan hotel uncovers K59 pistol resale chain in Ho Chi Minh City,31 May 2023,"Hoc Mon District, HCMC",10.8885573543686,106.595502811609,"Police seized a K59 pistol and 6 rounds of ammunition from a Bui Hoang Anh in Hoc Mon, Ho Chi Minh City on 31 May. The seizure took place following a drug raid at a hotel in Binh Hung Hoa B Ward, Binh Tan District, Ho Chi Minh City on 30 May in which Ngo Van Hung was caught with methamphetamine; tracing Hung's drug supplier led police to Nguyen Thanh Tam, who admitted buying a K59 pistol and 4 rounds for VND 40 million through intermediary Dong Hoang Trung Hieu from Le Thanh Kiet (Hieu received a VND 5 million commission). Kiet had stolen the gun from his grandfather. Tam resold the pistol and 8 rounds, to Bui Anh Hoang for VND 40 million before his arrest. Hoang attempted to sell the gun back to Tam for VND 35 million for need of funds, but the sale could not be completed before the arrest.",1 K59 pistol; 6 rounds of ammunition.,"Criminal Organization
Police","Criminal organization (Nguyen Thanh Tam, born 1993; Bui Anh Hoang, born 1988; Le Thanh Kiet, born 2004; Dong Hoang Trung Hieu, born 1991; Ngo Van Hung, born 1987; Pham Nam Bac Trung, born 1996; Nguyen Van Nhung, born 1967); Police (Binh Tan District Police, Ho Chi Minh City Police Criminal Police Department, Hoc Mon District Police).","Criminal, State",,1,,,,,,,,,,,,,,,,,,6,,,,,,Crime,Drug trafficking,1.6,https://cand.vn/kiem-tra-ma-tuy-phat-hien-vu-buon-ban-vu-khi-quan-dung-post695872.html
0,VNM.2023.05.07.001,Illicit transfer,Man Arrested Attempting to Convert Toy Gun to Revolver in Vinh Long,07 May 2023,"Trung Thanh, Vung Liem, Vinh Long",10.0774938314316,106.191990122208,"Police arrested a man in Trung Thanh, Vung Liem, Vinh Long Province suspected of purchasing a ""high-end toy gun"" and attempting to convert it into a revolver capable of firing live ammunition. The suspect purchased the weapon for VND 2 million after seeing an advertisement on YouTube in March. An unknown individual delivered the weapon along with a cylinder magazine and three rounds of ammunition one week later at a cafe near Rach Mieu bridge, Ben Tre Province.

That night, in nearby Chau Thanh district, the suspect rented a room where he attempted to convert the weapon. He contacted the delivery man for instructions. However, he was unsuccessful as the weapon jammed and failed to fire after assembly. He was later arrested in his place of residence; he admitted to police that he purchased the weapon for self-defense.","1 toy gun, attempted conversion to revolver (craft handgun)
3 rounds of ammunition",Criminal Individual,Criminal individual; Police,Criminal,,,,,,,,,,,,,,,,,,,,3,1,,,,,"Crime, Online, Conversion",,1.06,https://baophapluat.vn/nguyen-vuong-quoc-bi-bat-vi-tang-tru-vu-khi-quan-dung-post478519.html
9,VNM.2023.04.27.001,Diversion,Military court convicts 25 members of ammunition diversion ring in HCMC and Dong Nai,27 April 2023,"Military Zone 7 Military Court, Duc Nhuan, HCMC",10.8018064650708,106.674857090449,"The Military Zone 7 Military Court sentenced 25 defendants, including 21 former servicemen, on 27 April 2023 for trafficking a total of 29,471 rounds of military ammunition diverted from Vietnamese army units between 2017 and 2021. Le Cong Luc, a finance officer with the Tan Phu District Military Command in Dong Nai, used contacts in the Ho Chi Minh City Military Command's ordnance branch to source 5.56mm and 7.62mm military ammunition.

He initially sold ammunition to Nguyen Cong Phi (a farmer seeking ammunition for hunting who he had become acquainted with while serving in Vinh Cuu District in 2012) as well as Dao Bich Son (a Facebook acquaintance seeking to resell ammunition). Luc sourced the ammunition under the pretense of organizing live-fire exercises from active servicemen, some of whom diverted stock from their own units' training and combat-readiness allocations while others sold ammunition they had themselves obtained from other servicemen.

Luc made 25 separate purchases from 2017-2021, totaling 23,221 5.56mm rounds and 6,250 7.62mm rounds for VND 261.3 million, then resold the ammunition on to Phi, Son, and other buyers repeatedly. The court sentenced Nguyen Trong Luc to 13 years for embezzlement of military weapons and illegal possession and trading of military weapons, and Le Cong Luc to 14 years for illegal trading of military weapons; the remaining 23 defendants received sentences ranging from 1 year 6 months to 11 years 6 months, with two receiving suspended sentences, and all were ordered to pay restitution to the affected military units.","23,221 rounds of 5.56mm ammunition
6,250 rounds of 7.62mm ammunition","Criminal Organization
Military
Other State Agency","Criminal Organization (Le Cong Luc; Nguyen Trong Luc; Nguyen Cong Phi; Dao Bich Son; 21 further unnamed former servicemen); Military (Ho Chi Minh City Military Command ordnance-branch personnel, Tan Phu and Vinh Cuu District Military Commands, Dong Nai); Other State Agency (Military Zone 7 Military Court).","Criminal, State",,,,,,,,,,,,,,,,,,,,29471,,,,,,"Corruption/Abuse of Office, Crime, Online",,0.53,https://tuoitre.vn/plo/21-cuu-quan-nhan-trong-duong-day-mua-ban-dan-quan-dung-bi-phat-tu-109730799.htm
1,VNM.2023.04.23.001,Seizure,Drug-trafficking ring leader's home yields two revolvers in Tien Giang raid,23 April 2023,"Ward 5, Go Cong Town, Go Cong Dong District, Tien Giang",10.3604708915968,106.675990958806,"Police seized two revolver-type handguns and 23 rounds of ammunition, along with nearly 1 kilogram of methamphetamine and ecstasy, over VND 1 billion in cash, and 10 tael of gold, from a drug- and arms-trafficking ring led by Tran Van Sang during raids that began in Ward 5, Go Cong Town, Go Cong Dong District, Tien Giang, on 23 April 2023. The Narcotics Investigation Department of Tien Giang Provincial Police, working with Border Guard and Coast Guard units, first arrested two associates, Nguyen Hoang Phong and Tran Bao Tien, before searches of Sang's café and his parents' home turned up the bulk of the drugs and firearms. On 1 June 2023, police formally charged Sang and four others — Phong, Tien, Tran Thanh Toan, and Lai Ngoc Phuong — with drug trafficking, drug possession, and illegal possession of a military-pattern firearm.","2 ZP-5 converted revolvers
23 rounds of .22 caliber ammunition.","Criminal Organization
Police","Criminal Organization (Tran Van Sang — leader, charged; Nguyen Hoang Phong, Tran Bao Tien, Tran Thanh Toan, Lai Ngoc Phuong — members, charged); Police (Tien Giang Provincial Police Narcotics Investigation Department, Vietnam Border Guard, Vietnam Coast Guard).","Criminal, State",,,,,,,,,,,,,,,,,,,,23,2,,,,,"Crime, Conversion",Drug trafficking,294.71,https://cand.vn/bat-giu-bang-nhom-mua-ban-ma-tuy-va-tang-tru-vu-khi-quan-dung-post695523.html
10,VNM.2023.04.15.001,Illicit transfer,"Da Nang airport screening finds assembled handgun, ten rounds in postal shipment",15 April 2023,"Da Nang International Airport cargo terminal, Hai Chau District, Da Nang",16.04931527470103,108.2034560302027,"Aviation security personnel seized a converted revolver and 10 rounds of ammunition, wrapped in a paper box, inside a shipment being sent from Da Nang to Hanoi at the cargo terminal of Da Nang International Airport in Hai Chau District, Da Nang on 14 April 2023. The parcel had been checked in for air shipment by Tran Kong Th. (T.K.T., born 1990, of Thanh Khe District, Da Nang), manager of the Da Nang postal company handling the shipment; Th. said the parcel had been received by the company's Binh Dinh branch from a customer before being transported to Da Nang for onward air shipment. This was the second time in about a month that Da Nang Airport screening had intercepted a parcel containing a firearm.","1 converted revolver (craft handgun)
10 rounds of ammunition","Other State Agency
Police",Other State Agency (Da Nang International Airport Aviation Security Center); Police (unspecified Da Nang police authority).,State,,,,,,,,,,,,,,,,,,,,10,1,,,,,Conversion,,1.23,https://www.sggp.org.vn/lien-tiep-phat-hien-cac-vu-van-chuyen-sung-trai-phep-qua-san-bay-da-nang-post708232.html
0,VNM.2023.04.10.001,Illicit manufacture,"Police Dismantle Craft Shotgun and Explosives Trafficking Network Across Thanh Hoa, Ninh Binh, and Hoa Binh",10 April 2023,"Thach Thanh, Thuong Xuan, Bim Son, Vinh Loc, Thanh Hoa and neighboring provinces",19.8040884573531,105.773714607226,"Police seized 20 guns, 15 rounds of ammunition, nearly 5kg of explosives, many explosive shells used to make explosives, more than 3,000 shotgun shells, hundreds of kilograms of lead pellets, hundreds of gun barrels and extensive gun manufacturing equipment when they arrested four members of a suspected arms and explosives trafficking network. Images showed what appeared to be 19 craft production shotguns, one air rifle, thousands of rounds of assorted ammunition, guns parts, and gun manufacturing equipment. 

Accoriding to Cong An Tinh Thanh Hoa, police detected a group hunting and selling weapons in rural parts of ""Thach Thanh, Thuong Xuan, Bim Son, Vinh Loc and some neighboring provinces such as Ninh Binh, Hoa Binh."" The suspects used ""non-owner phone SIM cards"" to coordinate sales. They did ""not deliver the goods directly to the buyer, [who] usually payed in advance. To avoid being tracked by the authorities, the subjects often [hid] gunpowder and explosives in a secret, remote location, then choose late at night or early in the morning to notify the buyer to come and pick them up."" Police caught one of the suspects in the act of transporting three bags of explosives. ","19 craft production shotguns (craft shotguns)
1 air rifle (craft rifle)
15 rounds of ammunition confirmed (thousands more reported but uncounted)
Unspecified quantity of loose explosives (weight-based, not tallied)","Criminal Organization
Police",Criminal organization (arms and explosives trafficking network); Police,"Criminal, State",,,,,,,,,,,,,,,,,,,,3015,,1,19,,,"Crime, Conversion",Environmental crime,0.6,https://tuoitre.vn/triet-pha-hai-nhom-toi-pham-che-tao-tang-tru-hang-ta-thuoc-no-hang-chuc-khau-sung-20230428133511122.htm
8,VNM.2023.04.02.001,Illicit transfer,YouTube arms-trafficking ring dismantled in Ho Chi Minh City,02 April 2023,"Go Vap District, HCMC",10.8384313337328,106.675399663573,"Police seized an AK-47 assault rifle, 10 revolvers, 206 pistols, and hundreds of rounds of ammunition when they dismantled a firearms-trafficking ring that advertised weapons on YouTube sites in Ho Chi Minh City on 2 April 2023. Police arrested Tran Vo Minh Quan (ringleader), Ngo Ngoc Anh Khoa, and Nguyen Quoc and seized the weapons from across three storage sites.

Investigators said the group was active since 2018 and sourced weapons and components domestically and from China, Thailand, and Cambodia. It then advertised them on YouTube and arranged sales and shipping through Telegram and Zalo, disguising shipments inside bluetooth speakers and computer hard drives; the ring had completed nearly 2,000 orders nationwide before its arrest.",1 AK-47 assault rifle; 206 pistols; 10 revolvers; ~500 rounds of ammunition.,"Criminal Organization
Police","Criminal Organization (Tran Vo Minh Quan, born 2000; Ngo Ngoc Anh Khoa, born 1998; Nguyen Quoc Bao, born 1993); Police (Thanh Hoa Provincial Police Criminal Police Department, Ministry of Public Security Criminal Police Department, Ho Chi Minh City Police).","Criminal, State",,206,10,1,,,,,,,,,,,,,,,,500,,,,,,"Online, Smuggling, Crime",,40.650000000000006,https://dantri.com.vn/phap-luat/pha-duong-day-mua-ban-vu-khi-tren-mang-thu-giu-hon-200-khau-sung-20230405142318250.htm
8,VNM.2023.03.30.001,Seizure,Two men caught with homemade guns and lead pellets on Bac Kan highway,30 March 2023,"Thanh Mai Commune, Cho Moi District, Bac Kan",22.0385058697924,105.772867891782,"Police seized two craft rifles when they stopped Ly Tai Can (born 1981) and Dang Phuc Lai (born 1963) at two separate checkpoints along National Route 3 between Thanh Mai and Cao Ky communes, Cho Moi District, Bac Kan on 30 March 2023. Police also seized 700 grams of explosive powder, 13.5 kilograms of lead pellets, and 42 sporting rounds from the suspects.",2 craft rifles; approx. 42 rounds of ammunition; 13.3 kilograms of lead pellets; approx. 695 grams of explosive powder.,"Criminal Individual
Police","Criminal Individual (Dang Phuc Lai, born 1963; Ly Tai Can, born 1981); Police (Cho Moi District Police, Bac Kan Provincial Traffic Police).","Criminal, State",,,,,,,,,,,,,,,,,,,,42,,2,,,,,,226,https://cand.vn/mang-vat-lieu-no-kem-dan-chi-ra-duong-bi-bat-post688546.html
6,VNM.2023.03.24.001,Illicit manufacture,Converted revolver and rifle manufacturing ring dismantled in Binh Duong,24 March 2023,"Thuan Giao Ward, Thuan An City, Binh Duong",10.9517554725619,106.7138220017,"Police seized two homemade revolvers and 52 rounds of ammunition from Pham Van Minh when they stopped him on Thuan Giao 09 Street, Thuan An City, Binh Duong on 24 March 2023; a search of his rented room in Tan Phu District, Ho Chi Minh City, recovered two craft rifles, 15 revolvers, and over 300 rounds of ammunition along with manufacturing tools. Investigators traced the operation to his accomplice Lam Tan Thinh, whose home in District 10 yielded a gun modified to fire sporting ammunition, a revolver, and a long gun; the pair had been manufacturing and assembling firearms from purchased components before advertising and selling them on social media.

According to CAND, “most of the arrested” (including individuals from another incident) searched online to buy parts and ammunition and learned how to manufacture, assemble, and convert firearms online. They apparently used parts recycled from older firearms.","17 converted revolvers
2 craft rifles
1 unspecified firearm
over 350 rounds of ammunition.","Criminal Organization
Police","Criminal Organization (Pham Van Minh, born 2004; Lam Tan Thinh, born 1995); Police (Binh Duong Provincial Police Criminal Police Department, Traffic Police).","Criminal, State",1,,,,,,,,,,,,,,,,,,,350,17,2,,,,"Online, Crime, Conversion",,2.42,https://cand.vn/triet-tan-goc-cac-o-nhom-buon-ban-vu-khi-nong-post689074.html
0,VNM.2023.03.20.001,Seizure,Police Seize Converted Revolver From Group of Drug Users in Dong Nai,20 March 2023,"Ben Cam, Phuoc Thien, Nhon Trach, Dong Nai",10.7562546226616,106.922868912076,"Police seized one revolver when they arrested 6-10 individuals, some of whom tested positive for drug use. A police patrol observed a group of youths behaving suspiciously at a motel and questioned them. A search of one of their residences yielded the gun. An image showed a ZP-5 revolver. ",1 converted 'ZP-5' revolver (craft handgun),"Gang
Police",Gang (drug-using group); Police,"Criminal, State",,,,,,,,,,,,,,,,,,,,,1,,,,,"Crime, Conversion",,15,https://www.sggp.org.vn/tam-giu-nhom-doi-tuong-su-dung-ma-tuy-tang-tru-vu-khi-quan-dung-post683117.html
0,VNM.2023.03.19.001,Illicit manufacture,Police Dismantle Arms Manufacturing Network Selling Firearms Assembled From Online-Ordered Parts in Dong Nai,19 March 2023,"Quarter 12, An Binh Ward, Bien Hoa City, Dong Nai",10.9655786625786,106.883766645159,"Police seized 14 firearms and more than 420 rounds of assorted ammunition when they arrested four members of a suspected arms trafficking ring on 17 March 2023. Police initially seized three guns (including a craft firearm, a shotgun and a K59 pistol), and around 300 rounds of ammunition from the residence of Hoang Viet Toi, the suspected network leader, in Ward 12, An Binh Commune, Bien Hoa City, Dong Nai before expanding their investigation to seize the remaining weapons and arrest the remaining suspects. 

A simultaneous raid of the residences of Nguyen Quang Cuong and Bui Vu Nhat Huy in An Binh Commune and Binh Da Commune, Bien Hoa City, led to the seizure of another 11 firearms, including a K59 pistol, 1 rubber bullet gun, 9 pellet guns, 9 rounds of ammunition, gun components, as well as 26 ecstasy pills.

The network was apparently led by Hoang Viet Toi who recently finished a prison sentence and had criminal connections. He linked up with some acquaintances who guided him to online market for buying and selling guns, ammunition, and parts and components. He decided to order gun parts and taught himself online how to assemble, modify, and repair firearms. He eventually assembled them into functioning firearms, and sought out teenage customers online based on advise from his acquaintances. He eventually befriended youth gangs and sold them firearms; some of which were seized by police responding to gang violence in late 2022 and 2023.

Cuong and Huy both learned how to assemble guns online, and sold weapons over social media for VND 10-15 million apiece. Huy would place special ammunition orders online for buyers on request, and used couriers to deliver the products. 

Cuong confessed that he was associated with gangs since a young age and was familiar with firearms due to this exposure. He began assembling and selling guns and ammunition online when he learned that criminal groups involved in debt collection, protection rackets, loan sharking, and other types of crime in Dong Nai province and surrounding areas were ""hungry"" for guns. Cuong sold his products for a higher price with the guarantee that he would immediately repair them if problems arose. Cuong produced his own ammunition. Cuong also made custom modifications to firearms to alter their noise profile. Cuong reportedly sold dozens of fiearms to criminal groups by the time of his arrest, and was planning on assembling dozens more. 

Images showed one ZP-5 revolver, one Ekol P29 pistol, one sawn-off shotgun, one air rifle, and dozens of rounds of assorted ammunition. An image posted by VietnamNet showed 5 additional shotguns, two possible air rifles, and three additional pistols.","6 shotguns
3 air rifles (craft rifles)
1 converted 'ZP-5' revolver (craft handgun)
1 Ekol P29 pistol (craft handgun; presumed converted)
2 K59 pistols
1 pistol
420 rounds of ammunition","Criminal Organization
Gang
Police",Criminal organization (arms manufacturing network); Gang; Police,"Criminal, State",,3,,,,6,,,,,,,,,,,,,,420,2,3,,,,"Crime, Online, Conversion, Gang violence","Illicit business
Criminal services",0.5,https://tuoitre.vn/khoi-to-4-bi-can-che-tao-mua-ban-sung-dan-20230403160838833.htm
0,VNM.2023.03.16.001,Seizure,Police Seize Craft Revolver From Gambling Suspect in Thai Binh,16 March 2023,"Gia Le, Dong My, Thai Binh",20.4935104705086,106.36482010961,Police seized a revolver and five rounds of ammunition when they arrested a man suspected of gambling. The suspect purchased the weapon online in 2021 for self-defense. Image showed one craft production revolver.,"1 craft  handgun
5 rounds of ammunition",Criminal Individual,Criminal individual (gambler),Criminal,,,,,,,,,,,,,,,,,,,,5,1,,,,,"Crime, Online, Conversion",Illicit business,23.2,https://baophapluat.vn/khoi-to-mot-con-bac-mang-theo-sung-quan-dung-ben-nguoi-post471416.html
0,VNM.2023.03.16.002,Seizure,Police Seize Ten Firearms From Massive Flight-Attendant Drug Smuggling Network,16 March 2023,HCMC,10.8161928045551,106.661493471419,"Police seized 10 firearms as well as 212kg of drugs and prosecuted 543 suspects from 180 drug networks linked to four flight attendants who reportedly smuggled drugs from France to Vietnam. The overall value of the networks' transactions is estimated to be VND 25 trillion (USD 1 billion).

Police seized 11kg of drugs packaged in toothpaste tubes from the four flight attendants on March 16, 2023. The flight attendants claimed they were unaware of the contents, and had only agreed to help deliver the consignment from a source in France to Vietnam. ","10 unspecified firearms
1 grenade
50+ rounds of ammunition","Criminal Organization
Police",Criminal organization (drug trafficking networks); Police,"Criminal, State",10,,,,,,,,,,,,,,,1,,,,50,,,,,,"Crime, Smuggling",Drug trafficking,0.55,https://vietnamnews.vn/society/1652813/police-uncover-big-money-transactions-related-to-flight-attendants-drug-case-general.html
0,VNM.2023.03.14.001,Seizure,Airport X-Ray Detects Disassembled Craft Handgun Shipped From Da Nang to Hanoi,14 March 2023,Da Nang International Airport,16.0565679732792,108.202279703982,Police seized a craft production handgun and two rounds of ammunition after Da Nang International Airport staff detected the item in a package using an x-ray machine. The firearm had been disassembled. The package was meant to be sent from Da Nang to Hanoi. Images showed the break-barrel craft production handgun and two rounds of ammunition.,"1 break-barrel craft handgun
2 rounds of ammunition","Unknown/Unaffiliated Entity
Other State Agency","Unknown/unaffiliated entity (sender, unidentified); Other State Agency (airport security)","Other, State",,,,,,,,,,,,,,,,,,,,2,1,,,,,"Crime, Smuggling",,15.5,https://tuoitre.vn/thao-roi-sung-tu-che-goi-qua-duong-hang-khong-bi-phat-hien-tai-san-bay-da-nang-20230319205142965.htm
10,VNM.2023.03.14.002,Illicit transfer,Da Nang airport screening intercepts craft handgun in cargo shipment,14 March 2023,"Da Nang International Airport cargo terminal, Hai Chau District, Da Nang",16.05157739258646,108.2026900366036,"Aviation security personnel seized a craft handgun and two rounds of ammunition discovered in a package being sent from Da Nang to Hanoi at the cargo terminal of Da Nang International Airport in Hai Chau District, Da Nang on 14 March 2023. The parcel had been checked in for shipping by delivery employee P.T.Th. (born 1973, resident of Thanh Khe District, Da Nang), who could not produce a required transport permit and admitted to the violation when questioned. Aviation security filed a violation report and handed the case and evidence to Hoa Thuan Tay Ward Police, which referred it to Hai Chau District Police for further investigation.","1 craft handgun
2 rounds of ammunition","Criminal Individual
Other State Agency
Police","Criminal Individual (P.T.Th., born 1973); Other State Agency (Da Nang International Airport Aviation Security Center); Police (Hoa Thuan Tay Ward Police, Hai Chau District Police).","Criminal, State",,,,,,,,,,,,,,,,,,,,2,1,,,,,,,0.52,https://www.sggp.org.vn/lien-tiep-phat-hien-cac-vu-van-chuyen-sung-trai-phep-qua-san-bay-da-nang-post708232.html
0,VNM.2023.02.03.001,Seizure,Man Surrenders Pistol After Assault Over Personal Debt in Dong Thap,03 February 2023,"Tan Hoa, Lai Vung, Dong Thap",10.1914895824536,105.630712469622,"A man suspected of assaulting an individual over personal debts surrendered a pistol and five rounds of ammunition to the police on February 3. The suspect gathered with friends on January 27; one of the friends told the suspect that an individual owed him money. The suspect took a knife and pistol before travelling to the victim's residence with his friends. There, they confronted the victim, injuring him with the knife, and attempting to use the pistol against him. The victim fled. ","1 pistol (unspecified)
5 rounds of ammunition",Criminal Individual,Criminal individual,Criminal,,1,,,,,,,,,,,,,,,,,,5,,,,,,Crime,,0.52,https://tuoitre.vn/bi-khoi-to-vi-tang-tru-sung-quan-dung-de-doa-nguoi-khac-20230315164104076.htm
0,VNM.2023.02.02.001,Seizure,Police Seize Converted Revolver Used in TikTok-Dispute Shooting in Dong Nai,02 February 2023,"Cam My, Dong Nai",10.7775808038598,107.243174734246,Police seized one ZP-5 revolver and 4 rounds of ammunition when they arrested four shooting suspects. The shooting stemmed from an online conflict between two individuals that escalated as the target of the shooting posted an defamatory image of the main suspect's wife online. The main suspect borrowed the weapon from a friend and fired two shots at his rival's house on February 1 before returning the weapon. The suspected owner of the weapon confessed to buying the weapon on social media networks for VND 8 million in 2020. ,"1 converted 'ZP-5' revolver (craft handgun)
4 rounds of ammunition","Criminal Individual
Police",Criminal individual; Police,"Criminal, State",,,,,,,,,,,,,,,,,,,,4,1,,,,,"Crime, Online, Conversion",,1.05,https://tuoitre.vn/bat-them-nghi-can-trong-vu-no-sung-do-mau-thuan-tren-tiktok-20230214162207827.htm
1,VNM.2023.01.22.001,Seizure,Wanted man's military-pattern revolver catches up with him five months later in An Giang,22 January 2023,"My Thanh Ward, Long Xuyen City, An Giang",10.3593037227993,105.454457574948,"Police seized one ZP-5 revolver-type handgun and 16 rounds of ammunition from Lam Hong Phuc after he brandished the gun to threaten a group of card players in My Thanh Ward, Long Xuyen City, An Giang, on 22 January 2023. Officers on patrol stopped Phuc at a nearby coffee shop following a tip and confiscated the weapon. Phuc was released on bail pending an arrest warrant but absconded; the An Giang Provincial Security Investigation Agency formally charged him on 15 May 2023 and issued a wanted notice on 26 May 2023, and he was finally captured on 18 July 2023 while hiding at a fishing-arcade parlor in My Phuoc Ward, Long Xuyen City.","1 ZP-5 converted revolver (craft handgun)
16 rounds of .22 caliber ammunition.","Criminal Individual
Police","Criminal Individual (Lam Hong Phuc, born 1981 — perpetrator, arrested, six prior convictions for unlawful detention, public-order disturbance, theft, and gambling); Police (An Giang Provincial Security Investigation Agency, Long Xuyen City Police).","Criminal, State",,,,,,,,,,,,,,,,,,,,16,1,,,,,"Crime, Conversion, Interpersonal dispute",,0.54,https://cand.vn/doi-tuong-truy-na-toi-tang-tru-vu-khi-quan-dung-co-6-tien-an-post700787.html
0,VNM.2023.01.07.001,Illicit transfer,"Police Seize Three Converted Revolvers From Fireworks and Drug Trafficking Network Spanning Hai Duong, Binh Dinh, Tay Ninh",07 January 2023,"Le Loi, Chi Linh, Hai Duong",21.1692561746665,106.371534845319,"Police seized three firearms and 117 rounds of ammunition along with 27.5 grams of synthetic drugs and 100kg of fireworks when they arrested four individuals suspected of selling contraband online. Police first identified the network operating online in December 2022. One January 7, police searched the residence of two suspects and seized 1 colt gun (presumably a revolver), 105 bullets, 44.12 kg of fireworks, 33 MDMA pills, 19 packages of Ketamine (total weight 27.45g). On January 14-15, police searched the residences of the two suspected ringleaders in Phuoc Loc, Tuy Phuoc, Binh Dinh Province, and Hamlet 3, Ben Cui Commune, Duong Minh Chau District, Tay Ninh Province, seizing 56 kg of fireworks, 2 guns, and 12 bullets.

According to Thanh Nien, the network operated through many social media accounts to post sales and used junk SIM cards and non-owner bank accounts in all transactions. An image showed two ZP-5 revolvers. ","3 converted 'ZP-5' revolvers (craft handguns)
117 rounds of ammunition","Criminal Organization
Police",Criminal organization (fireworks/drug/arms trafficking network); Police,"Criminal, State",,,,,,,,,,,,,,,,,,,,117,3,,,,,"Crime, Online, Conversion","Drug trafficking, Illicit goods",0.66,https://baophapluat.vn/ha-tinh-pha-chuyen-an-bat-4-doi-tuong-buon-ban-sung-phao-va-ma-tuy-post464803.html
0,VNM.2023.01.01.001,Seizure,Man Surrenders Revolver Purchased Online in Dong Thap,01 January 2023,"Binh Thanh, Thanh Binh, Dong Thap",10.5430858650707,105.534821046008,"Police seized a revolver and six rounds of ammunition from a man suspected of purchasing the weapon over Facebook and attempting to hide it in an abandoned building in Binh Thanh, Thanh Binh, Dong Thap Province in January.","1 revolver (unspecified)
6 rounds of ammunition",Criminal Individual,Criminal individual,Criminal,,,1,,,,,,,,,,,,,,,,,6,,,,,,"Crime, Online",,2.67,https://congan.dongthap.gov.vn/chi-tiet-bai-viet/-/asset_publisher/wbj7qfWZntAi/content/id/14899521
0,VNM.2023.01.01.002,Seizure,Police Seize Firearm From 15-Member Cross-Border Drug Cartel Spanning Laos and Vietnam,01 January 2023,"Dien Bien; Lai Chau; Lao Cai, Vietnam; and Phongsaly; Oudomxay, Laos",21.2269640481766,102.916646806398,"Police seized a firearm and ammunition 38 bricks of heroin, 3kg of methamphetamines, and USD 10,686 when they arrested 15 suspected traffickers in a coordinated operation targeting a ""cross-border cartel"" between Laos and Vietnam (and seemingly China). The operation followed a 5-month investigation involving cooperation between Laotian and Vietnamese authorities. The suspected cartel involved a complex network of traffickers who moved drugs from the Golden Triangle area of Laos to Vietnam.","1 unspecified firearm
Unspecified quantity of ammunition","Criminal Organization
Police",Criminal organization (cross-border drug cartel); Police,"Criminal, State",1,,,,,,,,,,,,,,,,,,,,,,,,,"Crime, Smuggling",Drug trafficking,1.06,https://vietnamnews.vn/society/1480090/15-members-of-cross-border-drug-cartel-arrested-huge-haul-of-drugs-weapons-seized.html
0,VNM.2023.01.01.003,Seizure,Police Seize Craft Shotguns and Pen Guns After Violent Cockfight Dispute in Kien Giang,01 January 2023,"Ben Tram, Cua Duong, Kien Giang",10.2356429509223,104.007800368963,"Police seized three craft production handguns, five pen guns, and several rounds of ammunition when they arrested seven individuals suspected of violently interrupting a cockfight. Image showed three craft production shortened shotguns, five pen guns, and the ammunition.","3 craft production shotguns (craft shotguns)
5 pen guns (craft handguns)
~20 rounds of ammunition","Gang
Police",Gang; Police,"Criminal, State",,,,,,,,,,,,,,,,,,,,20,5,,3,,,Crime,Illicit business,1,https://tuoitre.vn/bat-7-nguoi-mang-vu-khi-quan-dung-di-quay-o-phu-quoc-20230117114129482.htm
9,VNM.2022.12.30.001,Seizure,Man sentenced to 10 years after shooting rival with online-purchased revolver in An Giang,30 December 2022,"Tri Ton District, An Giang",10.4258800651939,105.001732834167,"Chau Chua shot a man with a converted revolver during a revenge confrontation in Tri Ton District, An Giang on 30 December 2022. He was later sentenced to a combined 12 years for the shooting and illegal weapon possession.

Chua had bought the revolver and six rounds online through a Facebook contact for VND 2.5 million in October 2022. On 30 December, Chau Rone and Danh The Tan, recalling an earlier grievance involving Duong Van Loc, went to Chua's home looking for Loc; when Chua said Loc was not there, the two sides argued and Tan and Rone struck Chua before leaving. Angered, Chua walked to Rone's home with the revolver, fired a shot into the air, and then fired a second shot that struck Tan in the collarbone when Tan and Rone rushed him with plastic chairs. Chua turned himself in the next day.",1 converted revolver (craft handgun),"Criminal Individual
Police
Other State Agency","Criminal Individual (Chau Chua, born approximately 2002; Danh The Tan, carried a homemade knife); Police (Tri Ton District Police); Other State Agency (An Giang Provincial People's Court).","Criminal, State",,,,,,,,,,,,,,,,,,,,,1,,,,,"Interpersonal dispute, Online, Conversion",,4.2,https://tuoitre.vn/plo/bi-danh-thanh-nien-cam-sung-di-tra-thu-109762961.htm
0,VNM.2022.12.20.001,Illicit transfer,Police Seize Converted Revolvers and Air Rifles From Firearm Repair Operation in An Giang,20 December 2022,"Nui Sap, Thoai Son, An Giang",10.2636184308322,105.266270428054,"Police seized five firearms (two of which are considered 'military weapons'), four bullets, and four kilograms of pellets when they arrested a man suspected of buying and selling weapons online. Between January and June 2021, the suspect ordered three guns online for VND 6.2 million, assembled them, and hid them in his rented room. In Decmeber 2022, he was hired to repair two damaged ZP-5 converted revolvers. Using online instructions, he reassembled components from both weapons into one functional weapon. Images showed three high-end air rifles (apparently of Japanese origin).

Dai Bieu Nhan Dan posted additional images of the seized weapons, showing both ZP-5 revolvers (one is disassembled) as well as his equipment for manufacturing/repairing/modifying weapons.","2 converted 'ZP-5' revolvers (craft handguns)
3 air rifles (craft rifles)
4 rounds of ammunition","Criminal Individual
Police",Criminal individual (manufacturer/repairer); Police,"Criminal, State",,,,,,,,,,,,,,,,,,,,4,2,3,,,,"Crime, Online, Conversion",,0.5,https://tuoitre.vn/bat-nghi-pham-che-tao-tang-tru-mua-ban-trai-phep-sung-dan-2023062410045431.htm
10,VNM.2022.12.20.002,Illicit manufacture,Police seize gun-manufacturing workshop with seven firearms in Quang Nam,20 December 2022,"Dien An Ward, Dien Ban Town, Quang Nam",15.90253002592164,108.2414950124562,"Police seized seven firearms, 1,015 rounds of assorted ammunition, and gun components from Le Hong Thai's home after identifying him as a manufacturer and seller of illegal weapons in Dien An Ward, Dien Ban Town, Quang Nam on 20 December 2022. Thai admitted sourcing gun parts and components through Zalo and Facebook groups, assembling complete firearms at home, and selling 21 guns to buyers in the area for VND 6-10 million each. Police subsequently summoned 12 identified buyers for questioning and recovered four more guns from them.","9 air rifles (craft rifles)
1 revolver
1 craft handgun
1,015 rounds of assorted ammunition
assorted gun components and parts","Criminal Organization
Police","Criminal Organization (Le Hong Thai, born 1994, gun manufacturer and dealer; 12 unidentified buyers questioned); Police (Quang Nam Provincial Police Criminal Police Division).","Criminal, State",,,1,,,,,,,,,,,,,,,,,1015,1,9,,,,Online,,4.04,https://www.sggp.org.vn/bat-khan-cap-doi-tuong-che-tao-va-ban-sung-trai-phep-o-quang-nam-post663330.html
10,VNM.2022.12.18.001,Seizure,Police seize two guns from fugitive drug trafficker in Son La manhunt,18 December 2022,"Lung Xa Hamlet, Long Luong Commune, Van Ho District, Son La",20.76249399172506,104.8179388317098,"Police seized one QBZ-95B assault rifle, one bolt action rifle, and 27 rounds of ammunition from wanted drug-trafficking fugitive Trang A Lau when 45 officers raided his hideout in Lung Xa Hamlet, Long Luong Commune, Van Ho District, Son La on 18 December 2022. Lau, brother of notorious drug kingpin Trang A Tang (""Tang Keangnam""), had been wanted since 2011 on drug-trafficking charges. Police tracked his movements before carrying out the raid.

Tang, sentenced to death in 2016 for trafficking nearly 1,800 heroin bricks between 2009 and his arrest, was a well-known figure in northern Vietnam's drug trade. Several of his associates in that earlier case also received death or life sentences.","1 QBZ-95B assault rifle
1 bolt action rifle
27 rounds of ammunition","Criminal Organization
Police","Criminal Organization (Trang A Lau, born 1981, alias ""White Wolf"", wanted for drug trafficking); Police (Van Ho District Police, Son La Provincial Police Narcotics Investigation Department, Ministry of Public Security Drug Crime Investigation Police Department C04, Moc Chau District Police).","Criminal, State",,,,1,1,,,,,,,,,,,,,,,27,,,,,,Crime,Drug trafficking,20.65,https://dantocphattrien.vietnamnet.vn/tinh-son-la-khen-thuong-ban-chuyen-an-tang-kaengnam-39233.html
10,VNM.2022.12.16.001,Seizure,Two firearms seized from Laos-Vietnam methamphetamine ring leader in Ha Nam,16 December 2022,"Thanh Chau Ward, Phu Ly City, Ha Nam",20.5235206537236,105.9207726855228,"Police seized two firearms and 29 rounds of ammunition tied to members of a Laos-Vietnam drug-trafficking ring led by Nguyen Van San and Lao national Xia Xiong in Chau Son Ward, Phu Ly City, Ha Nam Province on 16 December 2022. Police caught Sang and three Lao nationals -- Xia Xiong, Toua Xiong, and Chua Xong -- selling drugs and seized six bags of assorted drugs. An expanded investigation led to the emergency detention of Hanoi-based buyers Nguyen Tuan Anh and Hoang Phuong Thao on 18 December, a further drug seizure from Tuan Anh's home, and the identification of Hoang Thi Khanh Ly as another supplier.

Investigators determined Xia Xiong sourced methamphetamine, ketamine, heroin, and MDMA in Laos, had Toua Xiong smuggle it into Vietnam via the Cau Treo border crossing in Ha Tinh, and had Chua Xong deliver it to Sang in Ha Nam, who resold it to Tuan Anh and Thao in Hanoi. From September to December 2022, the ring trafficked a combined 23.6 kilograms of drugs. On 21-22 August 2024 the Ha Nam Provincial People's Court sentenced Sang, Xia Xiong, and Tuan Anh to death for drug trafficking, with Sang receiving an additional two-year sentence for illegal possession of a military-grade weapon to run alongside his death sentence; Toua Xiong, Chua Xong, Thao, and Ly received life sentences for drug trafficking.","2 unspecified firearms
29 rounds of ammunition","Criminal Organization
Police
Other State Agency","Criminal Organization (Nguyen Van Sang, born 1990, found with firearms; Xia Xiong; Toua Xiong/Loua Xiong; Chua Xong; Nguyen Tuan Anh, born 1977; Hoang Phuong Thao, born 1984; Hoang Thi Khanh Ly, born 1999); Police (Ministry of Public Security Drug Crime Investigation Police Department, C04; Ha Nam Provincial Police); Other State Agency (Ha Nam Provincial People's Court).","Criminal, State",2,,,,,,,,,,,,,,,,,,,29,,,,,,"Crime, Smuggling",Drug trafficking,8.27,https://www.vietnamplus.vn/ha-nam-tuyen-an-tu-hinh-3-doi-tuong-mua-ban-ma-tuy-tu-lao-ve-viet-nam-post972031.vnp
6,VNM.2022.12.04.001,Illicit transfer,Out-of-province trafficker caught with converted ZP-5 revolvers in Tay Ninh,04 December 2022,"Gia Loc Ward, Trang Bang Town, Tay Ninh",11.0333989357123,106.331593932053,"Police seized two converted ZP-5 revolvers and 12 rounds of ammunition from Ngo Hoang Khang when they caught him transporting the weapons by motorbike in Gia Loc Ward, Trang Bang Town, Tay Ninh on 4 December 2022. A search of his rented room in An Hoa Ward recovered further spent casings, gun components, and manufacturing tools. Khang, who had rented the room about a month earlier to evade detection, told police he had bought the guns and ammunition from an unidentified seller on social media, then assembled and sold weapons locally in Tay Ninh.","2 ZP-5 converted revolvers (craft handguns)
12 rounds of ammunition.","Criminal Individual
Police","Criminal Individual (Ngo Hoang Khang, born 2000); Police (Trang Bang Town Police).","Criminal, State",,,,,,,,,,,,,,,,,,,,12,2,,,,,"Online, Conversion, Crime",,2.29,https://cand.vn/ngan-chan-tinh-trang-mua-ban-tang-tru-vu-khi-nong-post679566.html
6,VNM.2022.11.15.001,Illicit transfer,Online arms dealer caught with three revolvers in Tay Ninh,15 November 2022,"Tan Hung Commune, Tan Chau District, Tay Ninh",10.8337294807679,105.66501965068,"Police seized a revolver and 5 rounds of ammunition from Le Huu Bang when they caught him selling the weapon to another buyer at Hiep Truong Market, Hoa Thanh Town, Tay Ninh on 15 November 2022. A follow-up search of his home in Tan Hung Commune, Tan Chau District recovered two further revolvers and 9 rounds. Bang told police that about a month earlier he had begun ordering weapons, ammunition, and knives through a Facebook account, then used online tutorials to modify and upgrade the items before reselling them on Facebook for a profit of VND 5–10 million per item, roughly double his purchase cost of VND 2–3 million.","3 converted revolvers (craft handguns)
14 rounds of ammunition.","Criminal Individual
Police","Criminal Individual (Le Huu Bang, born 2001); Police (Hoa Thanh Town Police, Tan Chau District Police).","Criminal, State",,,,,,,,,,,,,,,,,,,,14,3,,,,,"Online, Crime, Conversion",,1.12,https://cand.vn/ngan-chan-tinh-trang-mua-ban-tang-tru-vu-khi-nong-post679566.html
8,VNM.2022.11.12.001,Illicit manufacture,Man assembling revolvers and PCP air guns from online parts arrested in Binh Duong,12 November 2022,"Thoi Hoa Ward, Ben Cat Town, Binh Duong",11.102692016291,106.635431570328,"Police seized a revolver and 10 rounds of ammunition when they arrested Ngo Quoc Cuong in Thoi Hoa Ward, Ben Cat Town, Binh Duong on 12 November 2022. The suspect was carrying the weapons to sell to a buyer. Police found a second revolver with 43 rounds, three PCP air guns, a pen gun, and numerous gun-assembly components — springs, barrels, stocks, suppressors, and air chambers — at his rented room. Cuong admitted ordering guns and parts online to assemble and resell for profit.",2 converted revolvers (craft handguns); 53 rounds of ammunition; 3 PCP air guns (craft rifles); 1 pen gun (craft handgun); assorted gun-assembly components.,"Criminal Individual
Police","Criminal Individual (Ngo Quoc Cuong, born 1987); Police (Ben Cat Town Police, Binh Duong).","Criminal, State",,,,,,,,,,,,,,,,,,,,53,3,3,,,,"Online, Conversion, Crime",,1.6400000000000001,https://cand.vn/mua-linh-kien-tren-mang-de-lap-rap-sung-quan-dung-mang-ban-post674025.html
8,VNM.2022.11.10.001,Illicit transfer,Craft firearm changes hands through resale chain uncovered in Tra Vinh,10 November 2022,"Tan Phu Ward, District 7, HCMC",10.737963205074,106.721404460536,"Police arrested Bui Thanh Tha in Tan Phu Ward, District 7, Ho Chi Minh City on 10 November 2022 after he fled Tra Vinh, where he was charged with orchestrating the sale of a craft firearm and 5 rounds of ammunition that changed hands between Nguyen Trong Tinh, Tran Huu Thang, and Le Van Giang for between VND 3.5 and 5 million from January to May 2022. Thang had bought the gun to shoot a neighbor's dog.",1 presumed craft handgun; 5 rounds of ammunition.,"Criminal Individual
Police","Criminal Individual (Bui Thanh Tha, born 1989; Nguyen Trong Tinh, born 1987; Tran Huu Thang, born 1971; Le Van Giang, born 1988); Police (Tra Vinh Provincial Police Security Investigation Agency).","Criminal, State",,,,,,,,,,,,,,,,,,,,5,1,,,,,"Interpersonal dispute, Crime",,5.03,https://cand.vn/bat-tam-giam-doi-tuong-mua-ban-trai-phep-vu-khi-quan-dung-post673786.html
9,VNM.2022.11.04.001,Illicit transfer,Three convicted over craft revolver sold to methamphetamine dealer in An Giang,04 November 2022,"Nui To Commune, Tri Ton District, An Giang",10.3916580501288,104.998934674544,"Police seized a converted revolver and six rounds of ammunition from methamphetamine dealer Chau Soc Phol, who tried to sell the weapon alongside a drug delivery, in Tri Ton District, An Giang on 4 November 2022. Two co-defendants were later convicted over the sale.

In late September 2022, Nguyen Cong Thuan, buying methamphetamine from Phol, offered to sell him a ZM05 converted revolver for VND 8.5 million. Thuan recruited Lam Thanh Nguyen to help deliver the weapon to Phol's home two days later, and Nguyen was paid in methamphetamine for his help. Phol test-fired the revolver twice without it discharging before storing it at home.

On 4 November 2022, Phol arranged to sell 200 doses of methamphetamine to a buyer using the Zalo handle ""Sang Gia,"" who asked Phol to bring the revolver along to view; Tri Ton District Police intercepted Phol at Ap To Ha, Nui To Commune while he was en route with roughly 29.92 grams of methamphetamine and the revolver, and arrested him. Forensic examination determined the revolver was a handcrafted, smooth-bore weapon capable of firing live rounds and causing injury or death, while the six accompanying rounds were sport-type, not military-grade. Phol was separately convicted and sentenced to 12 years for the drug sale on 31 July 2023; on the weapons charge, the Provincial People's Court sentenced Phol to 2.5 years, Thuan to 1 year 9 months, and Nguyen to 5 years.","1 craft handgun (revolver)
6 rounds of ammunition","Criminal Organization
Police
Other State Agency","Criminal Organization (Chau Soc Phol, born 1989; Nguyen Cong Thuan, born 1996; Lam Thanh Nguyen, born 1986; Thach Ngoc Kim, born approximately 2000); Police (Tri Ton District Police, An Giang Provincial Police Investigative Security Department); Other State Agency (An Giang Provincial People's Court).","Criminal, State",,,,,,,,,,,,,,,,,,,,6,1,,,,,"Crime, Conversion",Drug trafficking,0.55,https://tuoitre.vn/plo/khi-ban-ma-tuy-thi-tiep-thi-luon-sung-quan-dung-bi-cong-an-bat-qua-tang-109739470.htm
0,VNM.2022.11.02.001,Illicit use/possession,Forest Ranger Injured by Air Gun Pellet During Land Dispute Confrontation in Lam Dong,02 November 2022,"Phu Hoi, Duc Trong, Lam Dong",11.6774157124491,108.288253995967,"A forest ranger was hit by a pellet fired from an air gun when eight individuals confronted a patrol by Duc Trong District Forest Protection Department personnel in Phu Hoi. The confrontation apparently began when the group suspected the patrol was sent to clear the area and cut down coffee trees. Follow up investigation did not identify a shooting suspect, though investigations are ongoing.",1 air gun (craft rifle),Unknown/Unaffiliated Entity,Unknown/unaffiliated entity (unidentified shooter),Other,,,,,,,,,,,,,,,,,,,,,,1,,,,Crime,Environmental crime,0.56,https://baophapluat.vn/dieu-tra-vu-dung-sung-hoi-ban-thung-ao-can-bo-bao-ve-rung-post458856.html
8,VNM.2022.11.01.001,Seizure,Gun and ammunition seized alongside drugs in Binh Duong,01 November 2022,"My Phuoc Ward, Ben Cat Town, Binh Duong",11.1384183279518,106.611632987077,"Police seized a converted Zoraki 2914-T pistol, 60 rounds of ammunition, and over 10 grams of a suspected drug from Chu Van An during a search of his rented room in My Phuoc Ward, Ben Cat Town, Binh Duong on 1 November 2022. An admitted buying the gun and ammunition online for VND 13 million for self-protection.",1 converted Zoraki 2914-T pistol (craft handgun); 60 rounds of ammunition.,"Criminal Individual
Police","Criminal Individual (Chu Van An, born 1997); Police (Ben Cat Town Police, Binh Duong).","Criminal, State",,,,,,,,,,,,,,,,,,,,60,1,,,,,"Online, Conversion, Crime",Drug trafficking,1,https://tienphong.vn/bat-giu-doi-tuong-tang-tru-ma-tuy-va-hang-nong-trong-phong-tro-tai-binh-duong-post1482847.tpo
0,VNM.2022.10.11.001,Seizure,Police Seize Homemade Rifles and Revolvers After Fatal Gang Fight in Tra Vinh,11 October 2022,"Ward 5, Tra Vinh City, Tra Vinh",9.93031834867892,106.348613722554,"Police seized five firearms when they arrested five men suspected of engaging in a gang fight that left one person dead.  

The seized firearms included three rifles and two revolvers. One of the suspects apparently used a homemade weapon to kill the victim. ","3 homemade rifles (craft rifles)
2 revolvers","Gang
Police",Gang; Police,"Criminal, State",,,2,,,,,,,,,,,,,,,,,,,3,,,,"Crime, Conversion, Gang violence",,1.1,https://e.vnexpress.net/news/news/five-people-arrested-after-gun-sword-fight-ends-with-death-4522557.html
0,VNM.2022.10.01.001,Illicit manufacture,Police Seize 400 Toy Guns Intended for Conversion in Rach Gia,01 October 2022,"Rach Gia, Kien Giang",10.0112489732209,105.08628893795,"Report highlighting the increasing proliferation of converted firearms, homemade firearms, and online sales. Highlights a major seizure in Rach Gia, Kien Giang Province in October 2022 in which police seized 400 toy guns that a suspect intended to convert into firearms, who said was a relatively easy process. Police in Kien Giang and An Giang provinces say there have been dozens of cases involving converted/homemade firearms since 2022. Report highlights several other cases:
- Two men used a plastic gun to rob a bank in Ha Tien City, Kien Giang Province.
- 42 suspects used homemade guns in land disputes in Phu Quoc, Kien Giang Province.
- A 17-year-old boy bought a homemade gun for VND 700,000 (USD 28) and shot and injured someone in Long Xuyen City, An Giang Province.
- Police recovered ""rubber bullets"" after shots were fired during an altercation at a restaurant in Nguyen Minh Duong Street, Dao Thanh, My Tho, Tien Giang Province.
- A man robbed a bank using a homemade firearm in Trung An, My Tho, Tien Giang Province.

Police detected cases where traffickers disassemble the firearms and send them via post to customers, who then reassemble them. A Dong Thap Provincial Police official said users often purchase such weapons online or in parts and assemble them themselves. Provincial police will initiate a public amnesty campaign for civilians to surrender such weapons. a Tra Vinh police official said in 10 months in 2023, they detected 11 weapons violations involving 52 suspects and seized 13 ""military"" guns, 4 air guns, 7 homemade guns, and 925 rounds of assorted ammunition.","400 toy guns, intended for conversion (craft handguns)",Criminal Individual,Criminal individual,Criminal,,,,,,,,,,,,,,,,,,,,,400,,,,,"Crime, Conversion",,5,https://www.sggp.org.vn/hiem-hoa-tu-sung-tu-che-post718099.html
0,VNM.2022.09.21.001,Seizure,Teenager Sentenced for Killing With Pen Gun in Vinh Long,21 September 2022,"Phu Quoi, Long Ho District, Vinh Long",10.1621700748626,105.919275071109,Police sentenced a teenager suspected of killing a man with a pen gun following a dispute. The suspect ordered the pen gun and 4 rounds of ammunition over social media ostensibly for self-protection.,"1 pen gun (craft handgun)
4 rounds of ammunition",Criminal Individual,Criminal individual,Criminal,,,,,,,,,,,,,,,,,,,,4,1,,,,,"Crime, Online",,200,https://www.sggp.org.vn/lanh-26-nam-tu-vi-dung-sung-but-gay-chet-nguoi-post704550.html
9,VNM.2022.09.19.001,Seizure,Vehicle search yields three firearms in Vinh Long City,19 September 2022,"Ward 4, Vinh Long City, Vinh Long",10.2414158563669,105.958216303487,"Police seized three firearms and 29 rounds of ammunition from Phan Van Tho's vehicle in Ward 4, Vinh Long City, Vinh Long on 19 September 2022. A joint task force from Ward 4 Police was on routine patrol on Tran Dai Nghia Street when it stopped Tho's car on suspicion. Forensic examination determined the three firearms were military-grade and that 7 of the 29 rounds were military-grade ammunition, with the remainder unspecified.","3 unspecified firearms
29 rounds of ammunition",Police,"Police (Vinh Long City Ward 4 Police, Vinh Long Provincial Police Investigative Security Department).",State,3,,,,,,,,,,,,,,,,,,,29,,,,,,,,0.54,https://tuoitre.vn/plo/vinh-long-bat-nguoi-dan-ong-tang-tru-3-khau-sung-dan-quan-dung-109701115.htm
9,VNM.2022.09.16.001,Seizure,Border guards seize pistols from man at Cambodia border crossing in Long An,16 September 2022,"My Quy Tay Border Guard Post, Duc Hue District, Long An",10.9306672673712,106.149787566609,"Border guards seized one K59 pistol, one Makarov pistol, and 25 rounds of ammunition from Nguyen Van Thuong's luggage as he crossed into Vietnam from Cambodia at the My Quy Tay Border Guard Post, Duc Hue District, Long An on 16 September 2022. The My Quy Tay Border Guard Post, working with the My Quy Tay Customs Sub-department, was processing arriving and departing travelers when an inspection of Thuong's bag turned up the two pistols, identified by serial number, along with the ammunition; Thuong was detained on the spot and the case referred to the Long An Provincial Police for further investigation.","1 K59 pistol
1 Makarov pistol
25 rounds of ammunition","Criminal Individual
Other State Agency","Criminal Individual (Nguyen Van Thuong); Other State Agency (My Quy Tay Border Guard Post, Long An Border Guard Command, My Quy Tay Customs Sub-department).","Criminal, State",,2,,,,,,,,,,,,,,,,,,25,,,,,,Smuggling,,3.29,https://laodong.vn/phap-luat/long-an-tam-giu-thanh-nien-nhap-canh-mang-theo-2-khau-sung-va-25-vien-dan-1094321.ldo
0,VNM.2022.09.11.001,Seizure,Man Robs Bank With Rubber-Bullet Revolver in Dong Nai,11 September 2022,"Long Duc 3 St., Tam Phuoc, Long Thanh District, Dong Nai",10.8630688896282,106.924412638268,"Police seized a rubber bullet revolver from a suspected bank robber who used the weapon to rob a bank of about VND 900 million (USD 38,100). The suspect confessed he robbed the bank due to severe debts. Police recovered about VND 700,000 (about USD 30,450) of the stolen money.","1 rubber-bullet revolver (presumably converted, craft handgun)",Criminal Individual,Criminal individual (bank robber),Criminal,,,,,,,,,,,,,,,,,,,,,1,,,,,Crime,,2.25,https://vietnamnews.vn/society/1315193/man-who-robbed-bank-at-gun-point-in-southern-province-prosecuted.html
9,VNM.2022.08.31.001,Seizure,Debt collector brandishes craft revolver during confrontation in Dong Thap,31 August 2022,"Lai Vung District, Dong Thap",10.3119769361619,105.532678816993,"Police seized a craft revolver from Bui Ngoc Son after he drew it during a confrontation while collecting a debt in Lai Vung District, Dong Thap on 31 August 2022. Son accompanied Lien Vi Lap to Phan Thi Dieu Linh's home to collect VND 100 million. When the visit escalated into a dispute, Son drew the revolver to threaten Linh. He was subdued by bystanders and reported to police.",1 craft handgun (revolver),"Criminal Individual
Police","Criminal Individual (Bui Ngoc Son, born 1987; Lien Vi Lap, born 1970); Police (Dong Thap Provincial Police Investigative Security Department).","Criminal, State",,,,,,,,,,,,,,,,,,,,,1,,,,,"Interpersonal dispute, Crime",,0.5,https://tuoitre.vn/plo/mang-sung-tu-ba-ria-vung-tau-den-dong-thap-doi-no-109698230.htm
8,VNM.2022.08.30.001,Surrender/Amnesty,Resident arranges voluntary surrender of online-purchased gun in Thua Thien-Hue,30 August 2022,"Phu Loc Town, Phu Loc District, Thua Thien-Hue",16.2633460078037,107.887567255258,"A resident identified only as L.A. called the criminal police hotline to arrange the voluntary surrender of a gun he had bought online for VND 20 million in Phu Loc Town, Phu Loc District, Thua Thien-Hue on 30 August 2022. The surrender took place after the resident saw the provincial police department's amnesty campaign on Facebook; he said he was also encouraging friends who illegally held weapons to turn them in.",1 unspecified firearm.,Police,Police (Thua Thien-Hue Provincial Police Criminal Police Department).,State,1,,,,,,,,,,,,,,,,,,,,,,,,,Online,,0.5,https://cand.vn/cach-lam-hay-trong-thu-hoi-vu-khi-vat-lieu-no-post666013.html
0,VNM.2022.08.22.001,Illicit manufacture,Police Seize 82 Firearms From Arms Manufacturing and Ammunition Supply Network in Rach Gia,22 August 2022,"Vinh Thanh Van, Rach Gia, Kien Giang",10.0088257083847,105.080922669322,"Police seized ""many tools and equipment for making guns"" after they arrested Duong Minh Tuan for possessing methamphetamines. Tuan confessed that he had gone online to study how to make firearms and had ordered ZP-5 guns, air guns, and other components. He then hired Tran Van Nang in Rach Gia to cut and lathe 6 sets of copper pipes for gun barrels between May and August 2022. The suspect then assembled 15 firearms and ordered 30 bullets for VND 74,000/bullet before selling nine firearms to 10 suspects for VND 1-5.5 million.

Tuan purchased ammunition and pre-converted firearms from Cao Van Hoai and his wife Vo Ngoc Tram, who then resold the finished weapons over Zalo and Facebook (Hoai admitted selling 71 guns to 62 buyers nationwide for VND 7-12 million apiece). From the beginning of 2022 until August 24, 2022, through the express delivery service of the bus companies, Hoai and Tram sourced about 400 guns of various types, about 1,300 rubber bullets, sports bullets, about 1,300 CO2 gas cylinders from Vu Thi Diep in Ho Chi Minh City (see VNM.2022.10.16.001). Police seized 82 guns and 341 rounds of ammunition from this network.","82 converted handguns (craft handguns)
341 rounds of ammunition","Criminal Organization
Police",Criminal organization (manufacturing/ammunition supply network); Police,"Criminal, State",,,,,,,,,,,,,,,,,,,,341,82,,,,,"Crime, Online, Conversion",,1,https://tuoitre.vn/vu-an-hinh-su-mua-ban-van-chuyen-tang-tru-che-tao-sung-toa-nghi-an-mot-tuan-20230811175013477.htm
0,VNM.2022.08.22.002,Seizure,Police Dismantle Gun-Equipped Robbery Gang Targeting Women in Jewelry in HCMC and Mekong Delta,22 August 2022,HCMC,10.7820595205347,106.674628534689,"Police arrested five suspected members of ""gun-equipped"" theft gang active in HCMC and the ""Southern localities"" (Mekong Delta) that allegedly targeted women wearing jewelry. They used motorcycles, fake license plates, and low-traffic routes. The Criminal Police Department (C02) under the Ministry of Public Security collaborated with the Ho Chi Minh City Department of Public Security, Departments of Public Security of Soc Trang Province and Can Tho City to take down the suspected gang.",>1 unspecified firearm,"Gang
Police",Gang (robbery gang); Police,"Criminal, State",1,,,,,,,,,,,,,,,,,,,,,,,,,Crime,,44.41,https://en.sggp.org.vn/police-raze-group-of-gun-equipped-young-robbers-in-hcmc-mekong-delta-post96891.html
1,VNM.2022.08.19.001,Seizure,"Two business directors jailed after AK, CZ75 pistol 'stand-off' over debt dispute in Ha Tinh",19 August 2022,"Huong Khe Town, Huong Khe District, Ha Tinh",18.1737562729417,105.704493037499,"Police recovered one Type 81-1 assault rifle and one CZ75 pistol from Le Xuan Giap and Tran Phat Dat, two local business directors, after Giap fired six rounds from the rifle skyward outside his home to intimidate Dat during a dispute over unpaid business debts in Huong Khe Town, Huong Khe District, Ha Tinh, on 19 August 2022; Dat had arrived at Giap's home carrying the loaded CZ75 to confront him before the two men reconciled and went inside together.

The pair enlisted an acquaintance, Ho Hong Quang, to help hide the weapons — Giap buried the rifle in his garden and buried the ammunition separately, while Quang threw the pistol into a nearby reservoir — but investigators recovered both weapons after a week-long inquiry that included a mine-clearance unit dredging the reservoir. All three men were arrested and charged with illegal possession and use of a military-pattern firearm; Giap, who has prior convictions for murder and illegal firearms possession, was additionally investigated for making death threats.","1 Type 81-1 assault rifle
1 CZ75 pistol
ammunition, quantity unspecified.","Criminal Individual
Police","Criminal Individual (Le Xuan Giap, 38 — business director, arrested, prior convictions for murder and illegal firearms possession; Tran Phat Dat, 58 — business director and chairman of the Huong Khe business association, arrested; Ho Hong Quang, 37 — accomplice, arrested); Police (Ha Tinh Provincial Police Criminal Police Department, Huong Khe District Police).","Criminal, State",,1,,1,,,,,,,,,,,,,,,,,,,,,,"Crime, Interpersonal dispute",,1,https://tuoitre.vn/nld/phap-luat/noi-chuyen-voi-nhau-bang-sung-2-giam-doc-doanh-nghiep-bi-bat-20220910125629328.htm
10,VNM.2022.08.15.001,Seizure,Man arrested for firing three-barrel craft handgun at rival's home in Ninh Thuan,15 August 2022,"Bao An Ward, Phan Rang - Thap Cham City, Ninh Thuan",11.59067466421675,108.9506499280276,"Police seized a revolver when they arrested Tran Ngoc Sang at his residence in Bao An Ward, Phan Rang - Thap Cham City, Ninh Thuan on 15 August 2022. The arrest occurred after Sang and an unidentified accomplice, riding a motorbike, had gone to the Do Vinh Ward home of Tran Van Thuan on 25 June and fired the weapon amid a pre-existing dispute. Sang, who had four prior administrative sanctions for theft and unlicensed use of weapons/support tools, was charged and ordered held for three months' pretrial detention.",1 craft revolver,"Criminal Individual
Police","Criminal Individual (Tran Ngoc Sang, born 1993; unidentified accomplice); Police (Ninh Thuan Provincial Police Investigative Security Department).","Criminal, State",,,,,,,,,,,,,,,,,,,,,1,,,,,Interpersonal dispute,,6,https://tuoitre.vn/plo/bat-thanh-nien-dung-sung-de-doa-nguoi-khac-o-ninh-thuan-109694029.htm
10,VNM.2022.08.09.001,Illicit transfer,Four men charged over handgun resale chain in Tra Vinh,09 August 2022,"Khom 6, Cang Long Town, Cang Long District, Tra Vinh",9.99569256957918,106.2054708356684,"Police seized a converted handgun and five rounds of ammunition from Nguyen Trong Tinh as he attempted to return it to seller Tran Hu Thang in Khom 6, Cang Long Town, Cang Long District, Tra Vinh, around 9 August 2022. In January 2022, Bui Thanh Tha arranged for Tinh to collect the gun and five rounds and sell them to Thang for VND 3.5 million. In May 2022, Thang resold the weapon to Le Van Giang for VND 5 million, but after finding the gun did not fire properly, Giang asked Tinh to return it to Thang for a refund, promising Tinh VND 2 million for the errand. Tinh was stopped and searched by police while carrying the gun.

Police charged and detained Tinh for illegal possession and Thang for illegal trading of a military-grade weapon on 9 August 2022; Tha, who had fled to Tan Phu Ward, District 7, Ho Chi Minh City, was tracked down and arrested there, with charges and detention formalized on 10 November 2022, while Giang was also charged with illegal possession. Police noted that Tinh had a prior conviction for property destruction and Thang a prior conviction for drug trafficking.","1 craft handgun (homemade, black-bodied)
5 rounds of ammunition (metal, yellow-colored)","Criminal Organization
Police","Criminal Organization (Bui Thanh Tha, alias ""Tha Map"", born approximately 1989; Tran Huu Thang, born approximately 1971; Nguyen Trong Tinh, born approximately 1987; Le Van Giang, born approximately 1988); Police (Tra Vinh Provincial Police Investigative Security Department, Cang Long District Police).","Criminal, State",,,,,,,,,,,,,,,,,,,,5,1,,,,,Conversion,,0.5,https://tuoitre.vn/plo/cong-an-tra-vinh-bat-2-nguoi-mua-ban-tang-tru-sung-dan-109693056.htm
0,VNM.2022.10.16.001,Seizure,Authorities Charge Ringleader of 600+ Firearm Trafficking Network Spanning Six Provinces in Nha Trang,16 October 2022,"Nha Trang, Khanh Hoa (network spanning Kien Giang, An Giang, Ca Mau, Binh Duong, HCMC)",12.2499525601297,109.177133808523,"The authorities charged 17 members of a suspected arms trafficking ring active in Nha Trang, Khánh Hòa Province; Rạch Giá City, Kien Giang Province;  An Giang Province; Ca Mau Province; Binh Duong Province; and Ho Chi Minh City. The suspected ring is thought to have trafficked more than 600 firearms. Police arrested the suspects in August 2022, along with a related network (see VNM.2022.08.22.001).

The case originated with a Kien Giang-led investigation opened August 2022 that was prompted by a rise in armed disputes and protection rackets in Rach Gia and other Kien Giang districts in late 2021/early 2022. Vu Thi Diep, the alleged head of the distribution network, had first been charged in 2019 for illegal weapons sales but was allowed a suspended sentence because she was raising a young child. Despite this, she ""continued to make connections to sell weapons from Cambodia to Vietnam."" Police identified Diep as a principal supplier of a separate sale of 100 Chinese-made bladed weapons in My Tho, Tien Giang in September 2022 that linked to the broader network.

In August 2022, police arrested one of the syndicate members, Duong Minh Tuan, for storing meth in a motel room in Rạch Giá City, Kien Giang Province (see VNM.2022.08.22.001). Police also found tools for manufacturing/altering firearms. A local couple, Cao Van Hoai and Vo Ngoc Tram, supplied preconverted firearms and sold the finished products over social media. Diep allegedly supplied the couple with 400 guns, 1,300 rubber bullets and 1,300 pressurized gas canisters between early 2022 and October 17 2022.

On 13 October, Diep directed Dang Van Tinh (in Di An, Binh Duong) to ship three boxes of 63 guns via a Mien Dong bus-station freight service to ""Huan"" in Nha Trang. Tinh was arrested on 16 October with two BB guns, a folding knife, and a phone. The recipients — brothers Dang Quoc Huan and Dang Quoc Anh, from Phu Yen, living together in Nha Trang — admitted receiving regular shipments from Diep to distribute as her regional dealers across central Vietnam, storing them at a warehouse on Le Hong Phong street, Phuoc Long ward, Nha Trang. Police seized 134 M1911-pattern pistols, 64 revolvers, and 31 rubber-bullet/tear-gas guns (229 total, all presumably converted/convertible firearms), plus 455 pressurized gas canisters and 6 kilograms of steel BB pellets. The network reportedly used non-registered promotional SIM cards and bank accounts purchased online to evade tracking. Police arrested Diep along with three of her accomplices in HCMC, Binh Duong, and Khánh Hòa. Photographs showed dozens of revolvers and pistols.","229 unspecified firearms, images show mix of revolvers and pistols (presumably converted, i.e. craft handguns)","Criminal Organization
Police","Criminal organization (arms trafficking ring, led by Vu Thi Diep); Police","Criminal, State",,,,,,,,,,,,,,,,,,,,6,229,,,,,"Crime, Online, Smuggling",,0.55,https://e.vnexpress.net/news/news/mekong-delta-woman-helms-weapon-ring-that-sells-600-guns-4640709.html
8,VNM.2022.08.01.002,Surrender/Amnesty,Residents surrender CKC rifle and homemade gun in Phu Yen amnesty campaign,01 August 2022,"Xuan Quang 2 Commune, Dong Xuan District, Phu Yen",13.3624566985189,109.070214406872,"Residents Tran Van Dun and Nguyen Hai Son voluntarily surrendered an SKS rifle, 85 rounds of ammunition, and a homemade gun they said they had found by chance to police in Xuan Quang 2 Commune, Dong Xuan District, Phu Yen in early August 2022. The surrender was part of a wider provincial collection campaign that recovered 344 guns (including 30 military firearms and 258 homemade guns), 1,782 rounds, and 484 explosive items across Phu Yen from 2020 to 2022.",1 SKS rifle; 85 rounds of ammunition; 1 craft firearm (presumed craft rifle).,"Civilian Community
Police","Civilian Community (Tran Van Dun; Nguyen Hai Son); Police (Xuan Quang 2 Commune Police, Dong Xuan District Police, Phu Yen Provincial Police).","Other, State",,,,,1,,,,,,,,,,,,,,,85,,1,,,,,,114.56,https://cand.vn/van-dong-thu-hoi-vu-khi-vat-lieu-no-trong-dong-bao-vung-cao-post680055.html
10,VNM.2022.06.22.001,Seizure,Police seize three firearms and ammunition from drug dealer's home in Vinh Long,22 June 2022,"Trung Hieu Commune, Vung Liem District, Vinh Long",10.07359001724875,106.1552119454631,"Police seized one converted revolver, one SKS-pattern rifle, one air rifle, and 21 rounds of ammunition from the home of drug dealer Pham Anh Nhut in Trung Hieu Commune, Vung Liem District, Vinh Long on 22 June 2022. Police earlier arrested two men leaving a nearby cafe after they had bought over VND 1.5 million of drugs from Nhut; their statements led police to search Nhut's home the same day, where they found more than 110 grams of assorted drugs alongside the weapons cache.

On 21 February 2023 the Vinh Long Provincial People's Court convicted Nhut of illegally trafficking drugs to multiple users across Vung Liem, Long Ho, and Tra On districts, and sentenced him to 20 years in prison.","1 converted revolver (craft handgun)
one SKS-pattern rifle
1 air rifle (craft rifle)
21 rounds of ammunition","Criminal Individual
Police
Other State Agency","Criminal Individual (Pham Anh Nhut, born 1983); Police (Vinh Long Provincial Police Narcotics Investigation Department, Vung Liem District Police); Other State Agency (Vinh Long Provincial People's Court).","Criminal, State",,,,,1,,,,,,,,,,,,,,,21,1,1,,,,"Crime, Conversion",Drug trafficking,4.85,https://tuoitre.vn/nguoi-dan-ong-mua-ban-ma-tuy-tang-tru-nhieu-sung-dan-20230221142946238.htm
0,VNM.2022.06.20.001,Illicit manufacture,Police Dismantle Major Arms Trafficking Network Selling Converted Airsoft Pistols in Ho Chi Minh City,20 June 2022,"Pham Huu Lau Street, Phuoc Kieng, Nha Be, HCMC",10.7028140894415,106.724507963417,"Police seized 33 pistols, three revolvers, and dozens of ammunition boxes among other weapons when they arrested members of a suspected arms trafficking network in HCMC. A police patrol first conducted a vehicle inspection on Trang Tu Street (Ward 2, District 6), discovering and seizing one revolver and 10 rounds of ammunition. The suspect confessed he was hired to deliver the weapons on behalf of Tran Duy Khanh (see event dated 10/26/2023), a personal friend. The individual said he was paid VND 100,000 for each delivery. 

Police raided Khanh's internet shop and residence on Pham Huu Lau Street, seizing 33 pistols, 2 revolvers, and dozens of ammunition boxes (possibly magazines). Khanh was reportedly an arms enthusiast who learned how to assemble weapons online and began sourcing supplies to sell weapons online and to acquaintances. Khanh sold weapons to individuals on Facebook, Zalo, TikTok, etc. He apparently bought supplies in bulk batches and sold to customers outside of his local area, in order to protect himself. 

A video showed dozens of Colt M1911 pistols (likely converted airsoft guns), one revolver, and one air rifle.","33 Colt M1911-pattern pistols, likely converted airsoft (craft handguns)
3 revolvers
1 air rifle (craft rifle)
~1000 rounds of ammunition (estimate)","Criminal Organization
Police","Criminal organization (arms trafficking network, led by Tran Duy Khanh); Police","Criminal, State",,,3,,,,,,,,,,,,,,,,,1000,33,1,,,,"Crime, Online, Conversion",,4.71,https://congan.com.vn/vu-an/kham-pha-kho-vu-khi-nong-tu-doi-tuong-nghi-van-trom-cap_132903.html
9,VNM.2022.05.31.001,Seizure,Police seize Type 56 assault rifle and wildlife products from suspect in Quang Binh,31 May 2022,"Phuc Trach Commune, Bo Trach District, Quang Binh",18.0975424144268,105.783600249406,"Police seized one Type 56 assault rifle and a craft rifle, along with wildlife products, from Nguyen Van Nhuong's home after investigating him over an earlier property dispute in Phuc Trach Commune, Bo Trach District, Quang Binh on 31 May 2022. Police opened an investigation into Nhuong after he and several others vandalized property belonging to Le Thi Be's family at a work site in Thanh Sen Hamlet, Phuc Trach Commune, following a personal dispute. A subsequent emergency search of Nhuong's residence turned up the weapons.","1 Type 56 assault rifle
1 craft rifle","Criminal Individual
Police","Criminal Individual (Nguyen Van Nhuong, born 1974); Police (Bo Trach District Police).","Criminal, State",,,,1,,,,,,,,,,,,,,,,,,1,,,,"Crime, Interpersonal dispute",Wildlife trafficking,30.5,https://cand.vn/bat-giu-doi-tuong-tang-tru-trai-phep-sung-quan-dung-post655546.html
0,VNM.2022.05.21.001,Seizure,Police Seize Craft Rifles From Drug Trafficker Near Laos Border in Nghe An,21 May 2022,"Ka Noi, Na Ngoi, Ky Son, Nghe An",19.2451125270651,104.185864355633,"Police seized three craft production rifles, four rounds of ammunition, and 20 pellets along with 206 synthetic pills when they arrested a suspected drug trafficker in a remote village near the border with Laos. The suspect is part of a group of suspected drug traffickers who brought drugs into Vietnam from Laos for distribution elsewhere in the country. Image showed three craft rifles. ","3 craft rifles
4 rounds of ammunition","Criminal Organization
Police",Criminal organization (drug trafficking network); Police,"Criminal, State",,,,,,,,,,,,,,,,,,,,4,,3,,,,"Crime, Smuggling",Drug trafficking,6,https://baophapluat.vn/nghe-an-bat-doi-tuong-su-dung-vu-khi-nong-mang-ma-tuy-qua-bien-gioi-post447930.html
0,VNM.2022.05.20.001,Seizure,Police Seize Pistol and Second Firearm After Street Altercation in Hanoi,20 May 2022,"Hang Be Market, Old Quarter, Hoan Kiem, Hanoi",21.0329716736345,105.85379068521,"Police seized a Type 59 (Makarov) pistol and one other 'lighter' firearm (possibly a revolver) following an altercation between two men. One man approached another with whome he apparently had a personal conflict with two handguns and attempted to fire; the firearms failed to discharge, leading the two men to physically brawl before police intervened.","1 Type 59 (Makarov) pistol
1 possible revolver","Criminal Individual
Police",Criminal individuals; Police,"Criminal, State",,1,1,,,,,,,,,,,,,,,,,,,,,,,Crime,,3.04,https://znews.vn/hai-tay-hai-sung-doa-ban-doi-thu-tren-pho-post1318987.html
0,VNM.2022.05.15.001,Seizure,Police Seize Two Pistols and Air Rifle From Drug Suspect's Residence in Son La,15 May 2022,"Hat Lot, Mai Son, Son La",21.1986244432043,104.104471331242,"Police seized two pistols and one air gun along with 199 synthetic pills when they arrested a drug suspect and searched his residence.

Cong An Nhan Dan posted an image of the seizure, showing two pistols and one high-quality air rifle. ","2 pistols
1 air rifle (craft rifle)",Criminal Individual,Criminal individual (drug suspect),Criminal,,2,,,,,,,,,,,,,,,,,,,,1,,,,Crime,,2,https://baophapluat.vn/bat-giu-doi-tuong-tang-tru-ma-tuy-thu-giu-3-khau-sung-post446933.html
0,VNM.2022.03.05.001,Seizure,Border Guards Seize Pistol From Drug Trafficker Crossing From Cambodia in An Giang,05 March 2022,"Phu Hoi Border Guard Station, An Phu District, An Giang",10.811116188212,105.073769250366,"Border guards seized one Type 54 pistol and five rounds of ammunition along with 2kg of suspected crystal meth when they intercepted a suspect who had illegally crossed the border from Cambodia. The suspect attempted to flee as he approached a COVID checkpoint. The suspect confessed that he worked ""in Cambodia for more than 2 years in Pray Chu Sa, Ta Keo Province"" and ""would bring the above goods to the Kenh Ruot area, Phu Hoi commune, An Phu district, where someone would come to ""receive the goods"" and would be paid 100,000 riel"" (VND 550,000). Images showed one Type 54 pistol and five rounds of ammunition.","1 Type 54 pistol 
5 rounds of ammunition","Criminal Individual
Military",Criminal individual (drug trafficker); Military (Border Guard),"Criminal, State",,1,,,,,,,,,,,,,,,,,,5,,,,,,"Crime, Smuggling",Drug trafficking,3,https://tuoitre.vn/bat-nghi-pham-nhap-canh-trai-phep-tu-campuchia-mang-theo-sung-k54-20220306162321306.htm
0,VNM.2022.03.02.001,Surrender/Amnesty,Residents Surrender 32 Craft Firearms During Amnesty Campaigns in Ha Giang,02 March 2022,"Phuong Do, Ha Giang, Ha Giang",22.8416830522006,104.94272686082,"Residents of Phuong Do handed over 16 craft production firearms (14 flintlock guns and 2 alcohol guns), 1 gun barrel, and 141 rounds of rifle ammunition to the police following an amnesty program. Police also received another 16 craft production weapons during another campaign in the same commune in January 2022.","32 unspecified craft-production firearms
141 rounds of ammunition","Civilian Community
Police",Civilian community; Police,"Other, State",32,,,,,,,,,,,,,,,,,,,141,,,,,,,,1.05,https://baophapluat.vn/ha-giang-nguoi-dan-tu-nguyen-giao-nop-16-khau-sung-tu-che-post436179.html
1,VNM.2022.02.28.001,Illicit transfer,Police seize 15 firearms from online arms-trafficking ring in Phu Yen,28 February 2022,"Phu Lam Ward, Tuy Hoa City, Phu Yen",13.0446663641099,109.309747285895,"Police seized one military-pattern handgun from Nguyen Huu Loi, an alleged leader of a firearms-trafficking network, when they intercepted a parcel he was collecting at a bus-ticket office in Phu Lam Ward, Tuy Hoa City, Phu Yen on 28 February 2022. A search of his home turned up 14 more handguns — including pen guns and sporting- and support-tool type weapons — along with several hundred rounds of sporting and military-caliber ammunition, rubber-bullet cartridges, and a pair of handcuffs. Loi admitted running the operation since 2019 through a Facebook contact in Nghe An Province, buying and reselling firearms and ammunition to buyers nationwide via Facebook and Zalo, with weapons shipped disguised as ordinary parcels on intercity buses.

Investigators subsequently identified six accomplices across five provinces — Nguyen Manh Hung, Au Minh Van, Nguyen Huynh Huu Nhan, Huynh Cong Hau, Pham Ngoc Sang, and Pham Lam Vu — and searches of their homes recovered an additional stockless rifle and roughly 95 rounds of 7.65mm ammunition from Van's residence, and a pen gun and two military-caliber rounds from Nhan's residence. On 9 November, the Phu Yen Provincial People's Court convicted all seven defendants of illegal firearms possession, trafficking, or use, with sentences ranging from nine months (suspended) to two years in prison.

Images of the weapons showed one revolver, seven pistols (possibly converted), and 17 packages containing 850 rounds of 9mm rubber ball ammunition.","1 pistol
14 craft handguns (likely converted firearms and craft pen guns)
1 AK-pattern assault rifle
1,353 rounds of 9mm rubber ball ammunition
50 rounds of .45 caliber ammunition
95 rounds 7.62×39mm ammunition
2 rounds military-caliber ammunition.","Criminal Organization
Police","Criminal Organization (Nguyen Huu Loi — leader, convicted; Nguyen Manh Hung, Au Minh Van, Nguyen Huynh Huu Nhan, Huynh Cong Hau, Pham Ngoc Sang, Pham Lam Vu — accomplices, convicted); Police (Phu Yen Provincial Police Narcotics Investigation Department and Security Investigation Agency).","Criminal, State",,1,,1,,,,,,,,,,,,,,,,1500,14,,,,,"Crime, Online, Conversion",,33.41,https://cand.vn/bat-doi-tuong-rao-ban-vu-khi-tren-mang-thu-giu-15-khau-sung-post646318.html
9,VNM.2022.01.13.001,Illicit transfer,Four men caught transporting K59 pistol for sale in Binh Duong,13 January 2022,"Phu An Commune, Ben Cat Town, Binh Duong",11.0582318763419,106.590086945362,"Police seized a K59 pistol and 12 rounds of ammunition from Vo Minh Thong and three accomplices while the group was travelling to deliver the weapon to a buyer in Ben Cat Town, Binh Duong on 13 January 2022. Police had been monitoring Thong after he advertised the pistol for sale on social media for VND 20 million; when a buyer responded, plainclothes officers intercepted the group en route to the handover on 13 January and found the pistol concealed on Thong. A follow-up search of the group's residence in Phu An Commune, Ben Cat Town turned up additional ammunition.","1 K59 pistol
12 rounds of ammunition","Criminal Organization
Police","Criminal Organization (Vo Minh Thong, born 1998; three unnamed accomplices); Police (Binh Duong Provincial Police Criminal Police Division).","Criminal, State",,1,,,,,,,,,,,,,,,,,,12,,,,,,"Online, Crime",,28,https://cand.vn/cung-dong-bon-mang-sung-quan-dung-di-ban-thi-bi-bat-post641488.html
0,VNM.2021.11.29.001,Seizure,Police Seize Two Pistols From Debt Collectors Using Drugs in Kien Giang,29 November 2021,"Ba Hon, Kien Luong, Kien Giang",10.2491574368643,104.589717136335,"Police seized 2 pistols and 14 rounds of ammunition along with 3 suspected drug sachets when they arrested two suspected drug users and debt collectors. The suspects had been tasked with collecting several debts from small business throughout Kien Giang. At a karaoke bar, they consumed an unspecified drug before police inspected the establishment and detained the suspects. Images showed 2 pistols (including a Type 54) and several rounds of ammunition.","1 Type 54 pistol (real)
1 pistol (real, unspecified)
14 rounds of ammunition","Criminal Organization
Police",Criminal organization (debt collectors); Police,"Criminal, State",,2,,,,,,,,,,,,,,,,,,14,,,,,,Crime,Illicit business,1.12,https://tuoitre.vn/mang-sung-quan-dung-di-doi-no-bi-bat-khi-su-dung-ma-tuy-20221201142405029.htm
10,VNM.2021.11.17.001,Seizure,Craft handgun seized from methamphetamine-trafficking ring member in Nghe An,17 November 2021,"Anh Son Town, Anh Son District, Nghe An",18.9306003739284,105.0860617944412,"Police seized a craft handgun and 10 rounds of ammunition when they arrested Nguyen Xuan Dung, a member of a transnational drug-trafficking ring led by Tran Thi Mau, near the Vietnam-Laos cemetery in Anh Son Town, Anh Son District, Nghe An on 17 November 2021. Police earlier caught Nguyen Sy Duc, Nguyen Dinh Tuan, and Phan Thi Loan red-handed transporting methamphetamine, heroin, and ketamine concealed in pineapple sacks to the site; a search of Dung's car during his subsequent arrest turned up the gun, which he said he had bought from a man in China for self-protection.

Investigators determined Mau's ring, active since early 2021, sourced drugs from two unidentified Lao nationals and moved them from Laos into Nghe An for distribution in Hanoi, Ho Chi Minh City, Quang Ninh, and southern provinces, trafficking more than 118.23 kg of drugs across at least four transactions. On 22 January 2024 the Nghe An Provincial People's Court convicted and sentenced nine defendants -- Mau, Duc, Tuan, Dau Thi Tuyet, Phan Thi Loan, Le Thi Hong, Dung, Nguyen Dinh/Dang Dung, and Cu Hoang Hung -- to death for drug trafficking, with Dung receiving an additional two-year sentence for illegal possession of a military-grade weapon; co-defendants Phan Thi Thu Hien and Le Ngoc Tuyen received life sentences.","1 craft handgun
10 rounds of ammunition","Criminal Organization
Police
Other State Agency","Criminal Organization (Tran Thi Mau, born 1968, ringleader; Nguyen Sy Duc; Nguyen Dinh Tuan; Dau Thi Tuyet; Phan Thi Loan; Le Thi Hong; Nguyen Xuan Dung, found with firearm; Nguyen Dinh Dung/Nguyen Dang Dung; Phan Thi Thu Hien; Cu Hoang Hung; Le Ngoc Tuyen; two unidentified Lao nationals as drug suppliers); Police (Ministry of Public Security Drug Crime Investigation Police Department, C04); Other State Agency (Nghe An Provincial People's Procuracy, Nghe An Provincial People's Court).","Criminal, State",,,,,,,,,,,,,,,,,,,,10,1,,,,,"Crime, Smuggling",Drug trafficking,2.14,https://congly.vn/9-an-tu-hinh-trong-duong-day-mua-ban-hon-100kg-ma-tuy-414822.html
0,VNM.2021.11.13.001,Illicit transfer,"Police Seize Shotgun, Converted Pistols, and Revolvers From Weapons Trafficking Pair in Hai Phong",13 November 2021,"4B/4/109 Trai Le, Kenh Duong, Le Chan, Hai Phong",20.8345372388347,106.684740111993,"Police seized one shotgun, two pistols, two revolvers, and assorted ammunition when they arrested two women suspected of trafficking weapons. Police first arrested one of the suspects while transporting a shotgun and ammunition near the Vsip Industrial Park, Thuy Nguyen. She confessed that she was hired to deliver the weapon. Police then raided the residence of the individual who hired the first suspect, finding the remaining weapons and ammunition (which included 8 rubber bullets, 9 iron ball bullets, and bags of explosives and lead pellets) and arrested the second suspect. Image showed two Ekol Major 9mm pistols, two revolvers, 24 rounds of ammunition, and several bags/packages containing pellets.

Anninh Thu Do reported that the suspect who owned the weapons had received them for her brother who subsequently died in mid-2021. She was later contacted by a man seeking to buy a shotgun and materials to make ammunition, which she agreed to sell for VND 11 million. She never directly dealt with the buyer, and hired the other suspect to deliver the weapon. The second suspect also engaged her son to help transfer the weapons undetected. Analysis of the weapons determined that one revolver was a craft production firearm while the others were ""support tools and sports guns."" ","1 shotgun
2 Ekol Major 9mm pistols (craft handguns; likely converted)
1 craft revolver
1 revolver 
24 rounds of ammunition","Criminal Organization
Police",Criminal organization (two women arms traffickers); Police,"Criminal, State",,,1,,,1,,,,,,,,,,,,,,24,3,,,,,"Crime, Conversion",,0.6,https://baophapluat.vn/phat-hien-nhieu-sung-dan-trong-nha-nguoi-phu-nu-o-hai-phong-post422256.html
0,VNM.2021.11.13.002,Seizure,Police Seize Revolver From Speeding Motorcyclist in Tien Giang,13 November 2021,"Kim Son, Chau Thanh District, Tien Giang",10.3248800943763,106.242137296734,Police seized one revolver and six rounds of ammunition when they pursued and arrested and individual speeding on his motorcycle. An image showed the weapon.,"1 revolver 
6 rounds of ammunition","Criminal Individual
Police",Criminal individual; Police,"Criminal, State",,,1,,,,,,,,,,,,,,,,,6,,,,,,Crime,,4.74,https://baophapluat.vn/tien-giang-bat-qua-tang-doi-tuong-tang-tru-sung-trai-phep-post421826.html
11,VNM.2021.10.18.001,Seizure,"Police seize pistol, rifle from agitator in Yen Bai",18 October 2021,"Dong Cay hamlet, Yen Thang commune, Luc Yen district, Yen Bai",22.1310817077289,104.757281709325,"Police seized one K54 pistol, one craft rifle, two unspecified firearms, and 31 rounds of ammunition from Au Van Bac in Dong Cay hamlet, Yen Thang commune, Luc Yen district, Yen Bai province on 18 October 2021. Bac was reportedly known for ""[inciting] large-scale protests and [causing] disruption to public order and security in the locality. ","1 K54 pistol
1 craft rifle
2 unspecified firearms
39 rounds of ammunition","Criminal Individual
Police",Criminal individual; Police,"Criminal, State",2,1,,,,,,,,,,,,,,,,,,39,,1,,,,Crime,,1.06,https://cand.vn/khoi-to-doi-tuong-tang-tru-trai-phep-vu-khi-quan-dung-post638404.html
9,VNM.2021.10.11.001,Seizure,Police seize firearms from drug trafficker at checkpoint in Bac Giang,11 October 2021,"Viet Lap Commune, Tan Yen District, Bac Giang",21.3526763584083,106.137165462607,"Police seized two military-grade firearms from drug trafficker Nguyen Van Trinh after he drove his car into a police checkpoint in Viet Lap Commune, Tan Yen District, Bac Giang on 11 October 2021. Police, aware Trinh was armed and prepared to resist, stopped his vehicle while he was transporting drugs; Trinh accelerated into the officers but was safely apprehended, and police seized roughly 100 grams of methamphetamine, 2,000 ecstasy pills, a knife, a folding blade, and two mobile phones from the car. A follow-up search of Trinh's fortified home turned up two firearms, 1,000 more ecstasy pills, roughly 115 grams of methamphetamine, VND 3.4 million, and an electronic scale. Trinh confessed to the drug offenses; police also determined that his co-defendant, 17-year-old Nguyen Bui Anh Tuan, had been living with Trinh and helping him sell drugs for a fee.",2 unspecified firearms,"Criminal Organization
Police","Criminal Organization (Nguyen Van Trinh, born 1986; Nguyen Bui Anh Tuan, born 2004); Police (Tan Yen District Police Criminal Investigation Team, Bac Giang Provincial Police).","Criminal, State",2,,,,,,,,,,,,,,,,,,,,,,,,,Crime,Drug trafficking,4.390000000000001,https://cand.vn/sam-2-sung-quan-dung-nuoi-gia-nhan-de-buon-ma-tuy-post631461.html
0,VNM.2021.08.22.001,Seizure,Border Guards Seize Rubber-Bullet Gun From Laotian Drug Traffickers in Quang Tri,22 August 2021,"Huong Lap Border Guard Station, Quang Tri",16.8935305169552,106.546799726167,"A border guard patrol seized weapons and ammunition, including a ""rubber bullet gun with six military-grade bullets,"" when they arrested at least two suspected drug traffickers attempting to smuggle 45.6kg of methamphetamine from Laos into Vietnam. Both suspects were Laotian nationals and were sentenced to death in April 2023. One of the traffickers was hired by a friend for about USD 350 to smuggle the drugs, while the other (brother-in-law of the his co-defendent) was paid USD 5,000 to acts as a guard. He was given the rubber bullet gun and ammunition. Several other traffickers managed to escape.","1 'rubber bullet gun' (presumed converted/caft handgun)
6 rounds of ammunition","Criminal Organization
Military",Criminal organization (Laotian drug traffickers); Military (Border Guard),"Criminal, State",,,,,,,,,,,,,,,,,,,,6,1,,,,,"Crime, Smuggling",Drug trafficking,2,https://vietnamnews.vn/society/1519629/two-lao-nationals-sentenced-to-death-for-illegal-trading-of-45kg-of-drugs.html
9,VNM.2021.08.09.001,Illicit transfer,Police seize converted revolver from arms traffickers at COVID checkpoint in Dong Thap,09 August 2021,"My Hiep Commune, Cao Lanh District, Dong Thap",10.3451559207663,105.794026465167,"Police seized a ZP-5 converted revolver and seven rounds of ammunition from Nguyen Hieu Thao, who fled a COVID-19 checkpoint on National Highway 30 in My Hiep Commune, Cao Lanh District, Dong Thap on 9 August 2021. A joint traffic and health task force manning the checkpoint attempted to stop Thao's motorcycle for inspection; he sped off and was pursued and caught.

Thao admitted he had been delivering the gun and ammunition to another buyer. An expanded investigation identified three further suspects allegedly involved in storing, transporting, and trading the weapon. On 17 August, Cao Lanh District Police detained three additional suspects -- Dang Van Phap, Chau Van Hanh, and Vo Quoc Hoai -- in connection with storing and transporting the weapon.","1 ZP-5 converted revolver (craft handgun)
7 rounds of ammunition","Criminal Organization
Other State Agency
Police","Criminal Organization (Nguyen Hieu Thao, born 2002; Dang Van Phap, born 1992; Chau Van Hanh, born 1988; Vo Quoc Hoai, born 1999); Other State Agency (COVID-19 checkpoint task force); Police (Dong Thap Provincial Traffic Police, Cao Lanh District Police, Dong Thap Provincial Police Investigative Security Department).","Criminal, State",,,,,,,,,,,,,,,,,,,,7,1,,,,,"Conversion, Crime",,0.56,https://cand.vn/tam-giu-them-3-doi-tuong-van-chuyen-mua-ban-sung-quan-dung-post624548.html
6,VNM.2021.07.31.001,Seizure,Authorities seize AKMS from motorcyclist at COVID checkpoint in Ba Ria-Vung Tau,31 July 2021,"Bong Trang Commune, Xuyen Moc District, Ba Ria - Vung Tau",10.551901511236,107.454210381927,"Commune police and militia seized an AKMS assault rifle, 20 rounds of ammunition, and an unexploded 105mm artillery shell from Nguyen Quoc Duong (born 1994) when they stopped his motorbike during a COVID-19 checkpoint patrol on Route 55 in Bong Trang Commune, Xuyen Moc District, Ba Ria - Vung Tau on 31 July 2021. Duong told police he had brought the weapon to a rival's house to intimidate him over a personal dispute.

Duong stated he had found the rifle, its ammunition, and the 105mm shell in June 2021 while digging up trees in the Binh Chau - Phuoc Buu Nature Reserve, and — having done military service — recognized the weapon and test-fired it once in the forest before hiding it at home. He left the shell, its brass ring already broken off exposing the fuze, on a rock roughly 100 meters from where he found the rifle; provincial military engineers subsequently destroyed the shell in a controlled detonation on site.","1 AKMS assault rifle
20 rounds of 7.62mm ammunition
1 105mm munition.","Criminal Individual
Police
Military","Criminal Individual (Nguyen Quoc Duong, born 1994); Police (Bong Trang Commune Police, Xuyen Moc District Investigative Police, Ba Ria - Vung Tau Provincial Security Investigation Agency); Military (Ba Ria - Vung Tau Provincial Military Command engineering unit — shell disposal).","Criminal, State",,,,1,,,,,,,,,,,,,,,1,20,,,,,,"Interpersonal dispute, UXO, Destruction",,0.5700000000000001,https://cand.vn/tuan-tra-phat-hien-doi-tuong-tang-tru-trai-phep-vu-khi-quan-dung-post622510.html
0,VNM.2021.07.30.001,Seizure,Police Seize Pistol From Drug Traffickers Who Resisted Arrest in Nghe An,30 July 2021,"Nghia Tien, Quang Tien, Thai Hoa, Nghe An",19.3116809401058,105.418221015737,"Police seized one pistol and 10 rounds of ammunition along with ""0.3 grams of synthetic drugs"" when they arrested two suspected drug traffickers in Nghia Tien, Quang Tien, Thai Hoa, Nghe An Province. The suspects were observed transporting drugs between Quy Chau and Vinh on July 29. The suspects violently resisted when police attempted to arrest them. Image showed one Smith & Wesson M&P 9 pistol, magazine, and 10 rounds of ammo.","1 Smith & Wesson M&P 9 pistol
10 rounds of ammunition","Criminal Organization
Police",Criminal organization (drug traffickers); Police,"Criminal, State",,1,,,,,,,,,,,,,,,,,,10,,,,,,Crime,Drug trafficking,15.2,https://baophapluat.vn/tom-gon-2-ke-tang-tru-ma-tuy-co-vu-khi-nong-luc-nua-dem-post405696.html
0,VNM.2021.07.21.001,Seizure,Police Seize Craft Pistol From Drug Dealer in Nghe An,21 July 2021,"Nghia Dan, Nghe An",19.4097965818182,105.439029943784,"Police seized a pistol and 12 rounds of ammunition along with 20 grams of heroin when they arrested a suspected drug dealer. The suspect was a resident of Yen Hoa, Tuong Duong, Nghe An Province. Image showed on craft production pistol and the ammo.","1 craft production pistol (craft handgun)
12 rounds of ammunition",Criminal Individual,Criminal individual (drug dealer),Criminal,,,,,,,,,,,,,,,,,,,,12,1,,,,,"Crime, Conversion",Drug trafficking,1.1,https://baophapluat.vn/bat-ke-mang-theo-vu-khi-nong-di-buon-ma-tuy-post404036.html
8,VNM.2021.07.01.001,Seizure,Handgun found in vehicle during drug raid in Soc Trang,01 July 2021,"Tran Hung Dao Street, Soc Trang City, Soc Trang",9.59515482034419,105.970156819848,"Police seized a handgun and 4 rounds of ammunition from a vehicle carrying seven suspects during a drug raid on Tran Hung Dao Street, Soc Trang City, Soc Trang on 1 July 2021. The arrest took place shortly after separately arresting Tran Viet Phong, Thi Ngoc Thao, and Lam Van Loc with 49.2 grams of methamphetamine at a nearby rented room.",1 handgun; 4 rounds of ammunition.,"Criminal Individual
Police","Criminal Individual (Tran Viet Phong, born 1999; Thi Ngoc Thao, born 2004; Lam Van Loc, born 1972; seven additional unnamed suspects); Police (Soc Trang City Police).","Criminal, State",,1,,,,,,,,,,,,,,,,,,4,,,,,,Crime,Drug trafficking,0.62,https://cand.vn/bat-ma-tuy-phat-hien-sung-ngan-post618845.html
8,VNM.2021.06.28.001,Illicit transfer,Man caught trading Type 56 assault rifle in Thai Nguyen,28 June 2021,"Du Town, Phu Luong District, Thai Nguyen",21.7241744081109,105.708089179725,"Police caught Duong Thanh Tung illegally trading a Type 56 assault rifle, a 'Colt' revolver (presumably a converted ZP-5 revolver), and 16 rounds of ammunition in Du Town, Phu Luong District, Thai Nguyen on 28 June 2021, then seized 20 further AK rounds and two compressed-air guns from his home. Tung confessed that he was taking the Type 56 to sell while the revolver was for self-defense and the air rifles were for hunting.",1 Type 56 assault rifle; 1 converted ZP-5 revolver; 36 rounds of ammunition; 2 compressed-air guns (craft rifles).,"Criminal Individual
Police","Criminal Individual (Duong Thanh Tung, born 1991); Police (Thai Nguyen Provincial Police Narcotics Investigation Department).","Criminal, State",,,,1,,,,,,,,,,,,,,,,36,1,2,,,,Conversion,,1.04,https://cand.vn/canh-sat-hinh-su-ke-chuyen-triet-pha-o-nhom-che-tao-mua-ban-vu-khi-nong-post623654.html
8,VNM.2021.06.25.001,Seizure,Drug suspect found with pen guns and homemade air gun in Bac Lieu,25 June 2021,"Tan Phong Commune, Gia Rai Town, Bac Lieu",9.19628930166996,105.328895976573,"Police seized two pen guns, one round of ammunition, and a homemade alcohol-powered air gun, along with methamphetamine and drug paraphernalia, from Dinh Vu Truong during a raid on his home in Tan Phong Commune, Gia Rai Town, Bac Lieu on 25 June 2021. Truong admitted buying the methamphetamine to use himself and resell to others for profit, and said he kept the homemade weapons for self-protection.",2 pen guns; 1 round of ammunition; 1 homemade alcohol-powered air gun (craft rifle).,"Criminal Individual
Police","Criminal Individual (Dinh Vu Truong, born 1980); Police (Bac Lieu Provincial Police Narcotics Investigation Department, Gia Rai Town Police).","Criminal, State",,,,,,,,,,,,,,,,,,,,1,2,1,,,,Crime,Drug trafficking,7.86,https://cand.vn/bat-ma-tuy-phat-hien-sung-but-post618132.html
10,VNM.2021.06.16.001,Seizure,Two men jailed for trafficking US-made carbine rifle online in Phu Yen,16 June 2021,"Xuan Hai Commune, Song Cau Town, Phu Yen",13.60874711279425,109.2334183863672,"Police seized a US-made carbine rifle and 254 rounds of ammunition from Le Loi and Pham Son Thuong, who had bought and resold the weapon online, after Loi picked the gun up at a bus station and brought it home to Xuan Hai Commune, Song Cau Town, Phu Yen on 16 June 2021. Thuong had originally bought the carbine and ammunition from an unidentified seller in Soc Trang in late 2019 via a Facebook war-memorabilia group.

In June 2021 a buyer known only as ""Hien"" asked Loi to source a carbine, and Loi arranged to buy the gun from Thuong for VND 33 million (reselling it to Hien for VND 35 million). After collecting the weapon at the Quy Nhon bus station in neighboring Binh Dinh province and hiding it at home, Loi was intercepted and arrested by police the next day while carrying the gun to hand it over to Hien. Investigators separately found that Loi had used a forged ID card, obtained via Facebook in October 2020, to open a bank account through which he bought and resold gun components to seven buyers around the country for over VND 70 million.

On 19 April 2022 the Phu Yen Provincial People's Court sentenced Loi -- previously convicted of robbery in 2020 -- to a combined two years (one year three months for illegal possession/trading of a military-grade weapon, nine months for document forgery), and sentenced Thuong to two years six months for illegal possession/trading of a military-grade weapon. The identities of Hien, the forged-ID supplier, and the original Soc Trang seller remained unknown at the time of sentencing.","1 US-made carbine rifle (military-grade)
1 ammunition magazine
254 rounds of ammunition
24 spent casings","Criminal Organization
Police
Other State Agency","Criminal Organization (Le Loi, born 1994, previously convicted of robbery; Pham Son Thuong, born 1989; unidentified buyer ""Hien""; unidentified original seller in Soc Trang; unidentified forged-ID supplier); Police (Phu Yen Provincial Police Investigative Security Department); Other State Agency (Phu Yen Provincial People's Court).","Criminal, State",,,,,1,,,,,,,,,,,,,,,254,,,,,,"Online, Crime",,2.01,https://tuoitre.vn/plo/phat-tu-2-nguoi-mua-ban-sung-quan-dung-qua-mang-109676430.htm
10,VNM.2021.06.15.001,Seizure,Police seize CZ75 pistol from methamphetamine couriers in Ho Chi Minh City,15 June 2021,"National Highway 13, Hiep Binh Phuoc Ward, Thu Duc City, HCMC",10.85775405564507,106.7229702477874,"Police seized a CZ75 pistol and nine rounds of ammunition, along with roughly 30 kilograms of crystal methamphetamine, from drug couriers Nguyen Van Thang and Che Quang Khoi as they transported the drugs on National Highway 13 in Hiep Binh Phuoc Ward, Thu Duc City, Ho Chi Minh City on 15 June 2021. The couriers were part of a network led by Nguyen The Thanh, who sourced drugs from a supplier in Laos and smuggled them overland through Nghe An and Ha Tinh before routing shipments to Ho Chi Minh City for sale to Vo Thi Tuyet Hong. Officers simultaneously arrested Thanh, his brother and lieutenant Nguyen The Lap, courier Tran Quang Tai, Hong, and buyer Phan Duc Ha, seizing a further 2 kilograms of methamphetamine.

The bust also exposed a larger, linked trafficking network led by Nguyen Thi Kim Huong (""Huong 'Mau'"") and Truong Tuan Dung (""Dung 'Bop'""), which moved over 136 kilograms of methamphetamine into Hanoi and Bac Ninh from 2019-2021 with the protection of two Hanoi police officers, Nguyen Van Hung and Ha Minh Duc, who used a police vehicle to transport drugs, sheltered stashes at their own homes and rented rooms, and warned Huong ahead of searches in exchange for payment.

The Hanoi People's Court sentenced Huong to life imprisonment (due to her caring for a child under 36 months) and sentenced Hung, Duc, and nine other defendants -- including Thanh, Lap, Hong, Dung, and Ha -- to death for drug trafficking; Huong had separately received a 30-year sentence in August 2022 for drug trafficking and organizing drug use.","1 CZ75 pistol
9 rounds of ammunition","Criminal Organization
Police
Other State Agency","Criminal Organization (Nguyen The Thanh; Nguyen The Lap; Nguyen Van Thang; Tran Quang Tai; Che Quang Khoi; Vo Thi Tuyet Hong; Phan Duc Ha; Nguyen Thi Kim Huong, ""Huong 'Mau'""; Truong Tuan Dung, ""Dung 'Bop'""; Nguyen Van Hung and Ha Minh Duc, former Hanoi police officers who protected the ring; Ha Ba Vu, Laos-based supplier); Police (Ministry of Public Security Narcotics Police Department C04); Other State Agency (Hanoi People's Court).","Criminal, State",,1,,,,,,,,,,,,,,,,,,9,,,,,,"Crime, Corruption/Abuse of Office, Smuggling",Drug trafficking,5.54,https://congan.com.vn/vu-an/triet-xoa-duong-day-mua-ban-trai-phep-chat-ma-tuy-xuyen-bien-gioi_149296.html
0,VNM.2021.06.04.001,Illicit manufacture,"Police Seize Revolvers, Pistol, and Air Rifle From Repeat-Offender Gun Manufacturer in Ho Chi Minh City",04 June 2021,"Phan Dinh Phung Street, Ward 2, Phu Nhuan, HCMC",10.7952829530803,106.682686012038,"Police seize 5 pistols, 1 long gun, and many boxes of bags containing bullets when they arrested a suspected gun manufacturer who bought, converted, assembled, and sold guns via social media. Police arrested the individual after following his motorbike and conducting a traffic check at the Thanh Da Bridge, Ward 26, Binh Thanh District. The suspect could not produce a license; police subsquently inspected his residence, which was not listed as his official residence. The suspect also tested positive for drug use. The suspect had previously been arrested in 2018 for similar gun charges. Images showed one high quality air rifle, four revolvers, one pistol, and ammunition.","4 revolvers
1 pistol
1 air rifle (craft rifle)
38 rounds of ammunition","Criminal Individual
Police",Criminal individual (repeat-offender manufacturer); Police,"Criminal, State",,1,4,,,,,,,,,,,,,,,,,38,,1,,,,"Crime, Online, Conversion",,1.09,https://tuoitre.vn/canh-sat-dac-nhiem-tom-ke-tang-tru-mua-ban-sung-dan-o-phu-nhuan-20210607191518733.htm
8,VNM.2021.05.27.001,Seizure,Man caught transporting two homemade rifles in Thai Nguyen,27 May 2021,"Lau Thuong Commune, Vo Nhai District, Thai Nguyen",21.738964677738,106.034720987903,"Police caught To Van Thinh transporting two craft rifles roughly 70 centimeters long and six rounds of ammunition in Lau Thuong Commune, Vo Nhai District, Thai Nguyen on 27 May 2021. Thinh admitted he had been buying metal parts since 2018 to craft guns and ammunition for hunting.",2 craft rifles; 6 rounds of ammunition.,"Criminal Individual
Police","Criminal Individual (To Van Thinh, born 1991); Police (Thai Nguyen Provincial Police Criminal Police Department).","Criminal, State",,,,,,,,,,,,,,,,,,,,6,,2,,,,,,6.38,https://cand.vn/canh-sat-hinh-su-ke-chuyen-triet-pha-o-nhom-che-tao-mua-ban-vu-khi-nong-post623654.html
0,VNM.2021.05.19.001,Seizure,Police Seize Three Firearms and Grenade From Drug Traffickers Transporting Meth From Laos in Thanh Hoa,19 May 2021,"National Highway 217 in Canh Nang, Ba Thuoc, Thanh Hoa",20.3539886855429,105.216227240171,"Police seized three firearms, one grenade, and 50 rounds of assorted ammunitin along with over 10kg of crystal meth and hundreds of synthetic pills when they arrested four suspects transporting drugs from Laos into Vietnam. One of the suspects specialized in protection and debt collection, and had conspired with drug traffickers to distribute drugs in Bim Son. Images showed dozens of rounds of ammunition.

According to Dan Tri, three of the suspects were sentenced to death, which was upheld on May 23, 2023 following an appeal. According to the trial, the main suspect agreed to transport the drugs from Muong Lat to Thanh Hoa city on behalf of an individual in Da Nang for VND 80 million. The suspect purchased the drugs at the border for VND 800 million. When police personnel pursued the vehicle with the suspects, they attempted to flee and destroy the evidence by throwing them out the windows.","3 unspecified firearms
1 grenade
50 rounds of ammunition","Criminal Organization
Police",Criminal organization (drug trafficking network); Police,"Criminal, State",3,,,,,,,,,,,,,,,1,,,,50,,,,,,"Crime, Smuggling",Drug trafficking,2.06,https://tuoitre.vn/bat-nhom-nguoi-thu-sung-quan-dung-dem-10kg-ma-tuy-da-di-tieu-thu-20210519191413788.htm
10,VNM.2021.04.17.001,Seizure,Man fires craft revolver to intimidate rivals in jealousy dispute in An Giang,17 April 2021,"Vinh Trung Commune, Tinh Bien District, An Giang",10.5460048270067,105.0230570238213,"Police seized a converted revolver and around 14 rounds of ammunition when they arrested Nguyen Van Long following a shooting incident in Vinh Trung Commune, Tinh Bien District, An Giang on 17 April 2021. Long bought the revolver and 25 rounds of ammunition online for VND 1.1 million for self-protection around March 2021.

On 17 April, Long saw a woman identified as H., with whom he was romantically involved, riding past his mother's house in Vinh Trung Commune with another woman. Fearing his wife's jealousy, Long chased them on his motorbike with the gun and threatened H. not to return to the commune. The women fled to a drink shop in Ap Voi 1, Nui Voi Commune, where Long confronted them, fired two shots into the air, then briefly left before returning to threaten and assault H., knocking her down and beating her with his hands and a plastic chair.

Back home, Long fired five more shots into the air before giving the gun and 14 remaining rounds to Nguyen Nhut Huy to hide. Long turned himself in to Vinh Trung Commune Police the next day; Huy later surrendered the weapon and ammunition, though he subsequently left the area and remained under separate investigation. On 18 February 2022, the An Giang Provincial People's Court sentenced Long -- who had two prior theft convictions -- to two years for illegal trading, possession, and use of a military-grade weapon and two years for causing public disorder, for a combined four-year term.","1 craft revolver
14 rounds of ammunition","Criminal Individual
Police
Other State Agency","Criminal Individual (Nguyen Van Long, born 1993; Nguyen Nhut Huy, held the weapon and ammunition); Police (Vinh Trung Commune Police, An Giang Provincial Police Investigative Security Agency); Other State Agency (An Giang Provincial People's Court).","Criminal, State",,,,,,,,,,,,,,,,,,,,14,1,,,,,"Online, Interpersonal dispute, Crime, Conversion",,8.5,https://tuoitre.vn/plo/so-vo-ghen-thanh-nien-dung-sung-ban-doa-2-phu-nu-109668469.htm
8,VNM.2021.03.18.001,Illicit transfer,Interprovincial arms trafficker caught with two AK-pattern rifles in Thai Nguyen,18 March 2021,"Phu Thuong Commune, Vo Nhai District, Thai Nguyen",21.7523065019007,106.074150771238,"Police caught Duong Van Vai (born 1962) transporting two AK-pattern rifles and 50 rounds of ammunition for sale in Phu Thuong Commune, Vo Nhai District, Thai Nguyen on 18 March 2021, then seized three further rounds and a spent cartridge casing at his home. Vai, described by investigators as a two-decade veteran arms manufacturer and trafficker who coordinated with Chinese nationals across the border and used the Tay ethnic-minority language to evade detection, was charged five days later with illegally manufacturing, storing, transporting, and trading military weapons; police said his network also dealt in other homemade guns and hand grenades across Thai Nguyen, Lang Son, and Cao Bang.",2 AK-pattern rifles; 50 rounds of ammunition; 3 additional rounds; 1 spent cartridge casing.,"Criminal Organization
Police","Criminal Organization (Duong Van Vai, born 1962); Police (Thai Nguyen Provincial Police Criminal Police Department).","Criminal, State",,,,2,,,,,,,,,,,,,,,,53,,,,,,"Smuggling, Crime",,0.64,https://cand.vn/canh-sat-hinh-su-ke-chuyen-triet-pha-o-nhom-che-tao-mua-ban-vu-khi-nong-post623654.html
10,VNM.2021.01.16.001,Seizure,Group brings craft handgun and machetes to brawl in Phu Yen,16 January 2021,"Hoa Thang Commune, Phu Hoa District, Phu Yen",13.04449401576823,109.2483176756446,"Police seized a craft handgun and 10 rounds of ammunition from Diep Tan Hoi and four associates after Hoi fired two to three shots into a rival's house during a brawl in Hoa Thang Commune, Phu Hoa District, Phu Yen, on 16 January 2021. The clash stemmed from a drinking-related dispute earlier that evening between Hoi's group and Nguyen Huu Lu.

After Lu's side retreated to the home of his father, Hoi and his group went there armed with the gun, machetes, sticks, and rocks. Hoi fired the gun at people inside the house while the others attacked with rocks, sticks, and machetes; a police patrol stopped the group as they left and confiscated the weapon and ammunition.","1 craft handgun
10 rounds of ammunition","Gang
Police
Other State Agency",Gang (Diep Tan Hoi; Pham Van Hoi; Nguyen Ngoc Lan; Vo Ngoc Do; Le Thanh Nam); Police (Phu Hoa District Police patrol); Other State Agency (Phu Hoa District Procuracy).,"Criminal, State",,,,,,,,,,,,,,,,,,,,10,1,,,,,"Interpersonal dispute, Gang violence, Crime",,10.53,https://tuoitre.vn/plo/truy-to-nhom-nguoi-mang-sung-di-hon-chien-109657985.htm
9,VNM.2021.01.14.001,Seizure,DUI checkpoint uncovers military-grade handgun in Hanoi,14 January 2021,"Cau Trang Bridge, Ha Dong District, Hanoi",20.974169321296,105.780276993791,"Police found a shotgun and four rounds of ammunition in the vehicle of Nguyen Minh Hoang, who was stopped for driving under the influence, at Cau Trang Bridge, Ha Dong District, Hanoi on 14 January 2021. Police found the weapon in the trunk of Hoang’s vehicle during a search.","1 shotgun
4 rounds of ammunition",Police,"Police (Hanoi Police Traffic Police Division 12, Special Task Force Y21/141; Van Quan Ward Police).",State,,,,,,1,,,,,,,,,,,,,,4,,,,,,,,0.6,https://cand.vn/di-bat-ma-men-phat-hien-sung-quan-dung-post594441.html
0,VNM.2021.01.12.001,Illicit manufacture,"Police Seize Converted Pistols, Revolver, and Air Rifles From Arms Trafficking Network in An Giang",12 January 2021,"Kien An, Cho Moi, An Giang",10.5675811553756,105.369854979715,"Police seized at least three firearms and 428 rounds of ammunition (likely mostly pellets; 30 rounds of live ammunition seized) when they arrested four members of a suspected arms trafficking network. The main suspect, Pham Phong Nhan, began communicating with gun hobbyists over social media in March 2020, eventually agreeing to convert a pellet gun to fire live ammunition for Dao Duy Khanh (residing in Song Ray commune, Cam My district, Dong Nai) for VND 4 million.

Khanh surrendered the weapon to the authorities through an amnesty campaign in September 2020. Police subsuquently investigated the weapon and traced it back to Nhan, allowing them to arrest him and search his apartment, where they discovered the weapons. One of the seized weapons was a pellet gun (""P228 stainless"") that Nhan had purchased for VND 17 million via YouTube. The suspect learned how to convert the firearm online.

Nhan also purchased 48 rounds of 9mm ammunition for VND 4 million through Facebook. The seller previously purchased the ammunition for VND 2.4 million from an individual who had a criminal record for selling weapons and for hunting endangered animals. That individual in turn purchased the ammunition from another individual for VND 1.5 million, who in turn sold the ammunition from a batch of 60 bullets he purchased for VND 1 million. Dong Nai Provincial Police reported that Nhan also converted a ZP-5 revolver

Images of the weapons showed three air rifles, two pistols, and one ZP-5 revolver. ","2 converted pistols (craft handguns)
1 converted 'ZP-5' revolver (craft handgun)
3 air rifles (craft rifles)
30 rounds of ammunition","Criminal Organization
Police",Criminal organization (arms trafficking network); Police,"Criminal, State",,,,,,,,,,,,,,,,,,,,30,3,3,,,,"Crime, Online, Conversion",Environmental crime,2.04,https://congan.com.vn/vu-an/de-nghi-truy-to-cac-doi-tuong-che-tao-mua-ban-vu-khi_120964.html
9,VNM.2020.12.30.001,Seizure,Police arrest online arms dealer in Dong Nai after tracing gun used in shooting,30 December 2020,"Trang Bom District, Dong Nai",10.9773968583171,107.022800522005,"Police seized 34 firearms, including rubber-bullet guns, BB guns, and pen guns, along with nearly 1,000 rounds of ammunition and other blunt, bladed, and less-lethal weapons from arms dealer Nguyen Van The (25) in Trang Bom District, Dong Nai on 30 December 2020. The arrest took place after an investigation traced The as the source of a revolver used in an earlier shooting in Ba Ria-Vung Tau.

The case began on 31 May following a dispute and shooting incident in Phu My Town, Ba Ria-Vung Tau. Two suspects were arrested over a month later. Investigators traced the revolver back to The, which he had sold online. The admitted selling the weapon and told police he had sourced firearms and other weapons through closed Facebook groups since mid-2019, using disposable fake accounts to advertise and complete sales, then stored the inventory at multiple locations around Dong Nai for onward resale.","34 craft handguns
1,000 round of ammunition","Criminal Organization
Police","Criminal Organization (Nguyen Van The, arms dealer); Police (Ba Ria-Vung Tau Provincial Police Investigative Security Department, Phu My Town Police).","Criminal, State",,,,,,,,,,,,,,,,,,,,1000,34,,,,,"Online, Crime, Conversion, Interpersonal dispute",,4.8,https://cand.vn/triet-pha-duong-day-mua-ban-vu-khi-quan-dung-thu-giu-34-khau-sung-post593200.html
10,VNM.2020.12.18.001,Seizure,Police seize shotguns from gambling ring in Hanoi,18 December 2020,"My Duc District, Hanoi",20.73407122911181,105.665282478935,"Police seized two shotguns from Mai Phong Hao and Nguyen Van Bien during a raid on a mobile gambling den run by gang leaders Mai Hong Hai (""Hai 'lu'"") and Vu Ngoc Trung (""Trung 'quy'"") along the border of My Duc District, Hanoi, and Luong Son District, Hoa Binh, on 18 December 2020. Police arrested 13 people and seized over VND 200 million as well as loan-sharking records.

The den, which had operated since July 2020 in remote terrain with radio-equipped lookouts, ran twice-daily dice-gambling sessions drawing 30-40 gamblers who each paid an entry fee. Expanding the investigation, police identified Hai's brother-in-law Nguyen Minh Son and associates Le Ngoc Ha, Nguyen Van Dong, and Luu Huu Huy as also involved in organizing the gambling, and separately determined that Hai's son Mai Phong Hao (born 2000) and Nguyen Van Bien (born 1986) illegally possessed the two seized guns. Fourteen suspects were ultimately charged: eight for organizing gambling, four for gambling, and Hao and Bien for illegal possession of a military-grade weapon.",2 shotguns,"Criminal Organization
Police","Criminal Organization (Mai Hong Hai, ""Hai 'lu'"", born 1973; Vu Ngoc Trung, ""Trung 'quy'"", born 1981; Mai Phong Hao, born 2000; Nguyen Van Bien, born 1986; Nguyen Van Quan, ""Quan 'bop'"", born 1986, at large; Nguyen Minh Son, born 1986; Le Ngoc Ha, born 1980; Nguyen Van Dong, born 1991; Luu Huu Huy, born 1982; Le Van Phong, born 1976; Dang Huy Duc, born 1985; Dang Van Long, born 1982; Pham Thi Thanh, born 1979; Nguyen Hai Au, born 1970; Nguyen Thi Ha, born 1973); Police (Ministry of Public Security Criminal Police Department, Hanoi Police, Police Mobile Special Task Battalion No. 1).","Criminal, State",,,,,,2,,,,,,,,,,,,,,,,,,,,Crime,Illicit business,27,https://cand.vn/trum-giang-ho-hai-lu-cung-em-re-va-con-trai-bi-bat-post593643.html
0,VNM.2020.10.27.001,Seizure,Police Seize Revolvers and Pen Guns From Drug Dealer's Residence in Tien Giang,27 October 2020,"Ward 8, My Tho City, Tien Giang",10.3566193339809,106.37455538118,"Police seized pen guns, revolvers, and ammunition along with 8 sachets of crystal meth from a drug suspect. Images showed two revolvers, four pen guns, and dozens of rounds of ammunition.

Cong An Nhan Dan desribed the suspect as a drug dealer and indicated many drug users frequented his residence.","2 revolvers (real, unspecified)
4 pen guns (craft handguns)
~50 rounds of ammunition",Criminal Individual,Criminal individual (drug dealer),Criminal,,,2,,,,,,,,,,,,,,,,,50,4,,,,,"Crime, Conversion",Drug trafficking,4,https://tuoitre.vn/bat-thanh-nien-tang-tru-ma-tuy-lo-ra-ca-kho-sung-dan-20201028120739343.htm
10,VNM.2020.10.09.001,Seizure,"Man surrenders craft revolver, air rifle after firing gun at home in Dong Nai",09 October 2020,"Ap 4, Song Ray Commune, Cam My District, Dong Nai",10.71611750847521,107.3327295968863,"Police seized a ZP-5 converted revolver and 10 rounds of ammunition from Dao Duy Khanh (20) after he fired the gun four times into the air at his home in Ap 4, Song Ray Commune, Cam My District, Dong Nai around 9 October 2020. Khanh told police he bought the revolver and ammunition via Facebook in August 2020 from an unidentified seller for VND 9.6 million, arranging delivery by passenger bus with payment by bank transfer, then fired the weapon into the air once he was alone at home.

He also surrendered an FX Airguns-brand air rifle bought online for VND 10-12 million and a damaged metal revolver frame, worth VND 2 million, that he had smashed and burned in an attempt to destroy it. Cam My District Police said Khanh, a drug user, remained under investigation for illegal possession of a military-grade weapon, with the probe continuing.","1 ZP-5 craft revolver
10 rounds of ammunition
1 FX Airguns air rifle (surrendered)
1 damaged craft revolver frame (surrendered, partially destroyed)","Criminal Individual
Police","Criminal Individual (Dao Duy Khanh, born approximately 2000); Police (Cam My District Police).","Criminal, State",,,,,,,,,,,,,,,,,,,,10,1,1,,,,"Online, Crime, Conversion",,4.5,https://www.sggp.org.vn/khong-co-ai-o-nha-nam-thanh-nien-lay-sung-quan-dung-ra-ban-choi-post571003.html
10,VNM.2020.09.22.001,Seizure,Police seize craft handgun and ammunition from fugitive suspect in Dong Thap,22 September 2020,"My An Town, Thap Muoi District, Dong Thap",10.35663073318884,105.5488915080068,"Police seized a converted revolver and 38 rounds of ammunition when they arrested fugitive Pham Ngoc Tan (26) in My An Town, Thap Muoi District, Dong Thap on 22 September 2020. Tan was charged with causing public disorder and placed under a house arrest on 20 August 2020 but fled the area before police tracked him down a month later. Investigators determined Tan had bought the gun and ammunition online while on the run.","1 converted revolver (craft handgun)
38 rounds of .22 ammunition","Criminal Individual
Police
Other State Agency","Criminal Individual (Pham Ngoc Tan, born approximately 1994); Police (Thap Muoi District Police, My An Town Police, Dong Thap Provincial Police Investigative Security Agency); Other State Agency (Dong Thap Provincial Procuracy).","Criminal, State",,,,,,,,,,,,,,,,,,,,38,1,,,,,"Online, Crime, Conversion",,1.6,https://tuoitre.vn/plo/bi-can-mua-sung-dan-phong-than-khi-duoc-tai-ngoai-109608598.htm
0,VNM.2020.09.20.001,Seizure,Police Seize Pistol From Debt Collector Who Fired at Residence in Ha Tinh,20 September 2020,"Trung Dong, Cam Duong, Cam Xuyen, Ha Tinh",18.2862119253531,106.061804138417,"Police seized a 9mm pistol and three rounds of ammunition when they arrested a man suspected of firing shots at the house of someone he sought to collect a debt from.

Bao Ha Tinh showed an image of a factory-produced pistol.","1 9mm pistol
3 rounds of ammunition",Criminal Individual,Criminal individual (debt collector),Criminal,,1,,,,,,,,,,,,,,,,,,3,,,,,,Crime,Illicit business,0.88,https://www.sggp.org.vn/khoi-to-doi-tuong-tang-tru-su-dung-trai-phep-vu-khi-quan-dung-post574443.html
0,VNM.2020.09.05.001,Illicit manufacture,Police Dismantle Air Rifle Component Trafficking Network in Hanoi,05 September 2020,"Trade Union University housing complex in Quang Trung, Dong Da, Hanoi",21.0098275525297,105.826144068626,"Police seized 500 kg of air rifle components when they discovered and arrested a network trading air guns. A police patrol first intercepted a motorcycle taxi driver who was found to be carrying a package containing firearm components. The driver confessed that he was hired to deliver the package from house number 27, alley 43/86, lane 10, Tran Duy Hung, Trung Hoa, Cau Giay, Hanoi (21.015373396738273, 105.80391370517907) to Thanh Mai, Thanh Oai (20.867746137309997, 105.7508242010482). The driver was given a package containing components to assemble two air guns and four boxes of pellets, and was instructed to collect VND 16.8 million; the driver was to receive VND 150,000.

Police summoned the suspect who hired the driver. He confessed to visiting a rented room at the Trade Union University housing complex many times to receive transportation, buy and sell guns, and gun assembly components with another suspect. Police then raided the room and discovered over 500 kg of air rifle components. Images showed the components as well as several completed high quality air rifles.",500 kg of air rifle components,"Criminal Organization
Police",Criminal organization (air rifle component trafficking network); Police,"Criminal, State",,,,,,,,,,,,,,,,,,,,,,,,,,"Crime, Online",,20,https://nguoihanoi.vn/cong-an-huyen-thanh-oai-ha-noi-triet-pha-duong-day-buon-ban-vu-khi-lon-nhat-tu-truoc-den-nay-8656.html
0,VNM.2020.08.16.001,Diversion,Stolen Government-Issued Pistol Surfaces in Diversion Case in Ben Tre,16 August 2020,"District Culture, Sports and Broadcasting Center, Thanh Phu, Ben Tre",9.94798957803576,106.516434684887,"Police arrested a district official and banned him from party activities after police received a Colt 45 pistol and five rounds of ammunition that had been issued to him and then stolen.

According to Znews and Thuong Hieu Cong Luan, a supervisor had issued the weapon to the official (Le Van Trung) in 1990 for his work as a Department of Culture and Information district deputy. The official kept the weapon stored among his personal items [unclear if this is illegal]. In August 2020, he stored the weapon along with other personal possessions in a room at the District Culture, Sports and Broadcasting Center as he built a new residence. On 16 August, suspect Vo Phuc Hau broke into the room and stole the weapon. He passed it to suspect Pham Tieu My , who sold it to Nguyen Van Son. Son's family discovered the firearm and surrendered it to the police.","1 Colt 45 pistol
5 rounds of ammunition","Civilian Official
Criminal Individual
Police",Civilian official (originally issued the weapon); Criminal individuals (thief and subsequent handlers); Police,"State, Criminal",,1,,,,,,,,,,,,,,,,,,5,,,,,,Crime,,0,https://www.sggp.org.vn/pho-chu-tich-hdnd-huyen-thanh-phu-tang-tru-trai-phep-vu-khi-quan-dung-post586790.html
8,VNM.2020.08.05.001,Illicit transfer,Interprovincial arms-trafficking ring dismantled across Tay Ninh and Ho Chi Minh City,05 August 2020,"Ward 1, Tay Ninh City, Tay Ninh",11.3212161383767,106.104027213215,"Police dismantled a large weapons-trafficking ring supplying pen guns and converted handguns across Tay Ninh and Ho Chi Minh City after catching ringleader Le Nhu Anh illegally possessing 6 pen guns and 32 rounds of ammunition in Ward 1, Tay Ninh City, Tay Ninh on 5 August 2020.

Anh's arrest led police to raid two storage sites in Ho Chi Minh City's Tan Binh and Binh Tan districts, arresting eight further suspects — Le Trong Hao, Le Nhu Gioi, Le Minh Kien, Nguyen Chau Lam, Huynh Bao Loc, Huynh Hai Dang, Trinh Trong Quan, and Le Van Hieu — and seizing 10 air pistols, 2 additional pen guns, 1 rubber-bullet gun, 1 BB-firing pistol, and 100 sealed packages of weapons as well as thousands of blunt and bladed weapons awaiting sale. Suspects said the goods were smuggled in from Lang Son province (presumably China) and sold onward from Tay Ninh and Ho Chi Minh City.",8 pen guns (craft handguns); 12 converted or convertible handguns (craft handguns); 32 rounds of ammunition).,"Criminal Organization
Police","Criminal Organization (Le Nhu Anh, born 1987; Le Van Hieu; Le Trong Hao, born 1994; Le Nhu Gioi, born 1995; Le Minh Kien, born 1996; Nguyen Chau Lam, born 1987; Huynh Bao Loc, born 2001; Huynh Hai Dang, born 2000; Trinh Trong Quan, born 1995); Police (Tay Ninh City Police, Tay Ninh Provincial Police Criminal Police Department, Ho Chi Minh City Police, Tan Binh District Police, Binh Tan District Police).","Criminal, State",,,,,,,,,,,,,,,,,,,,32,20,,,,,"Crime, Smuggling, Conversion",,1.05,https://dantri.com.vn/phap-luat/triet-pha-duong-day-mua-ban-vu-khi-lon-20200806194604898.htm
10,VNM.2020.07.25.001,Illicit use/possession,Gang leader orders craft-firearm killing of rival gang boss in Long An,25 July 2020,"Tan Khanh Ward, Tan An City, Long An",10.50894167726004,106.3829214453709,"Tran Trung Thanh, acting on the orders of gang leader To Nhut Khanh, used a craft firearm to fatally shoot rival gang boss Dao Quoc Lieu at close range on National Highway 1 in Tan Khanh Ward, Tan An City, Long An on 25 July 2020.

Between March 2019 and February 2020, Khanh, a wealthy businessman in Tien Giang known locally as ""thieu gia"" (young master) and a gang figure, bought four craft shotguns, two craft revolvers, a homemade hand grenade, and 33 rounds of ammunition online for self-defense amid an escalating feud with Lieu and his son Dao Quoc Thinh, whose group had repeatedly shot and slashed members of Khanh's crew. On 30 April 2020, Khanh personally shot and wounded Thinh with a craft shotgun. Khanh gave weapons to Thanh and ordered him to kill Lieu after another associate was seriously slashed on 24 June.

On 25 July, Khanh spotted Lieu driving past his house and alerted Thanh, who rode pillion with Le Thanh Phuc, pulled alongside Lieu's motorbike near Tan Huong Bridge, and shot him in the stomach. Lieu died of his wounds at a hospital. Thanh and Phuc fled toward Ho Chi Minh City, discarding the weapon along the way. Police arrested five suspects associated with the murder.","4 craft shotguns
2 craft revolvers
33 rounds of ammunition","Criminal Organization
Police
Other State Agency","Criminal Organization (To Nhut Khanh, born 1993, ringleader; Tran Trung Thanh, born 1993, shooter; Le Thanh Phuc, born 1993, getaway driver; Pham Huynh Phuc Thien, born 2003; To Phuoc Loc, born approximately 2002; Vo Tuan Vu, born 1999); Police (Long An Provincial Police, Ministry of Public Security Criminal Police Department, Tien Giang Provincial Police); Other State Agency (Long An Provincial People's Court).","Criminal, State",,,,,,,,,,,,,,,,,,,,33,2,,4,,,"Online, Crime, Interpersonal dispute, Gang violence",,10.32,https://tuoitre.vn/plo/thieu-gia-to-nhut-khanh-bi-de-nghi-an-tu-hinh-109692242.htm
10,VNM.2020.07.10.001,Illicit transfer,Police seize three pistols and 698 rounds from online arms dealers in Nghe An,10 July 2020,"Khoi 11, Ben Thuy Ward, Vinh City, Nghe An",18.65602019792748,105.7019495020044,"Police two K59 pistols, one Colt pistol, and 698 rounds of ammunition from Nguyen Van Hao (28), Bui Van Cong (27), and Nguyen Van Hung (31) as the trio brought the weapons for a sale from Hanoi to Khoi 11, Ben Thuy Ward, Vinh City, Nghe An on 10 July 2020. Police opened a case after tracking a Facebook account, ""Vu Gia,"" that advertised firearms, ammunition, and other weapons for sale, and arrested the group as they arrived to complete the transaction. All three suspects admitted to trafficking guns and other weapons for profit and were charged with illegal storage, transport, and sale of military-grade weapons; police said the investigation was continuing.","2 K59 pistols
1 Colt pistol
698 rounds of ammunition","Criminal Organization
Police","Criminal Organization (Nguyen Van Hao, born approximately 1992; Bui Van Cong, born approximately 1993; Nguyen Van Hung, born approximately 1989); Police (Vinh City Police).","Criminal, State",,3,,,,,,,,,,,,,,,,,,698,,,,,,"Online, Crime",,3.33,https://tuoitre.vn/plo/khoi-to-3-nguoi-rao-ban-sung-dan-tren-mang-109582900.htm
0,VNM.2020.06.30.001,Seizure,Police Seize Six Firearms and Grenade From Fugitive Drug Trafficker's Network in Ho Chi Minh City,30 June 2020,"TTH 21 Street, Tan Thoi Hiep, District 12, HCMC",10.8631867499167,106.639000422357,"Police seized 6 guns, 23 bullets, and one grenade along with 6kg of methamphetamine when they arrested six members of a suspected drug trafficking network operating in HCMC. Police first controlled a suspect riding a motorcycle and seized 0.5 kg of crystal meth. Follow-up investigation led to the seizure of the remaining items.

According to Cong An HCMC, the principal suspect and network leader was Nguyen Hop Toan. Police intercepted the suspect while he was driving and found 3.6 kg of synthetic drugs along with a gun and ammo. A subsequent search of his properties led to the seizure of additional guns and drugs. The suspect had previously been convicted three times and had escaped from prison in Long An. He apparently attempted to evade detection by storing his drugs in smaller quantities at multiple rented properties, equipped with security guards and cameras, and using evasive driving techniques to lose potential shadows.","6 unspecified firearms
1 grenade
23 rounds of ammunition","Criminal Organization
Police",Criminal organization (fugitive-led drug trafficking network); Police,"Criminal, State",6,,,,,,,,,,,,,,,1,,,,23,,,,,,Crime,Drug trafficking,9.98,https://www.sggp.org.vn/bo-cong-an-triet-pha-thanh-cong-3-duong-day-ma-tuy-lon-post560912.html
10,VNM.2020.06.30.002,Illicit transfer,"Online seller of revolver, air guns prosecuted in Binh Thuan",30 June 2020,"Ham Thang Commune, Ham Thuan Bac District, Binh Thuan",10.97261480251637,108.1435047784337,"Police seized a converted revolver and 50 rounds of ammunition, three air guns, a rubber-bullet gun, and other weapons from online arms dealer Nguyen Cao Hoang Vinh (born approximately 1993) of Ham Thang Commune, Ham Thuan Bac District, Binh Thuan on 30 June 2020.

Vinh used the Facebook account ""Nguyen Thanh Han"" and Zalo account ""Nhat The Gioi,"" to resell weapons sourced from a supplier using Facebook/Zalo handles ""Chuduchuyen""/""Chudu"" since 2019. He collected payments from buyers and passed along orders for a markup, netting roughly VND 9 million in profit across five sales.

In June 2020 alone, he sold the revolver and ammunition to a buyer in La Gi Town for VND 18 million, plus three air/BB guns and one rubber-bullet gun to buyers in Ham Thuan Bac District and La Gi Town for a combined roughly VND 41 million. A search of Vinh's home turned up an additional cache of bladed and less-lethal weapons.

Authorities cited the case as representative of a broader rise in illegal online arms trading, noting seven such cases (five with a total of six defendants prosecuted, plus one still under investigation) recorded provincewide between 1 June 2020 and the end of May 2021, up six cases from the prior year.","1 Model 733 revolver (s/n 20TH0331)
50 rounds of ammunition
3 air guns (craft handgun)
1 rubber-bullet gun (craft handgun)","Criminal Individual
Police
Other State Agency","Criminal Individual (Nguyen Cao Hoang Vinh, born approximately 1993); Police (Binh Thuan Provincial Police Criminal Police Division, Binh Thuan Provincial Police Investigative Security Agency); Other State Agency (Binh Thuan Provincial People's Procuracy).","Criminal, State",,,1,,,,,,,,,,,,,,,,,50,4,,,,,"Online, Crime",,11.23,https://tuoitre.vn/plo/kham-nha-nguoi-rao-ban-sung-o-binh-thuan-phat-hien-kho-vu-khi-109635153.htm
10,VNM.2020.06.28.001,Seizure,Police seize K59 pistol from drug trafficker's home in Nghe An,28 June 2020,"National Highway 48, Nghia Dan District, Nghe An",19.30269126503488,105.4639297300335,"Police seized a K59 pistol and 32 rounds of ammunition from the home of drug trafficker Nguyen Van Hung (born approximately 1967) after arresting him and an accomplice, Nguyen Huu Cuong (born approximately 1983), during a vehicle stop on National Highway 48 in Nghia Dan District, Nghe An on 28 June 2020. Acting on an established narcotics case, police stopped the suspects’ car and seized a brick of heroin, one kilogram of crystal methamphetamine, and 2,000 synthetic drug pills. A follow-up search of Hung's residence turned up the pistol and ammunition along with five mobile phones and an electronic scale. Both men were held for investigation into illegal drug trading, and Hung was investigated separately for concealing the firearm and ammunition.","1 K59 pistol
32 rounds of ammunition","Criminal Organization
Police","Criminal Organization (Nguyen Van Hung, born approximately 1967; Nguyen Huu Cuong, born approximately 1983); Police (Nghe An Provincial Police Narcotics Division, Nghe An Provincial Traffic Police, Nghia Dan District Police).","Criminal, State",,1,,,,,,,,,,,,,,,,,,32,,,,,,Crime,Drug trafficking,3.5,https://tuoitre.vn/plo/thu-sung-va-nhieu-dan-trong-nha-ke-lai-o-to-cho-nhieu-ma-tuy-109581543.htm
0,VNM.2020.06.24.001,Seizure,Authorities Sentence Two Over Shooting With Borrowed Rifle in Khanh Hoa,24 June 2020,"Van Long, Van Ninh, Khanh Hoa",12.7772589376169,109.307462887769,"The authorities sentenced two individuals over a shooting incident that seriously wounded another individual. On June 24, 2020, two suspects borrowed a rifle and four rounds of ammunition from one of the suspects' uncle in order to threaten an individual they had a dispute with. The next day, the suspects went to the rival's residence and shot him at his front door before fleeing. The suspects turned themselves in later that day. Police searched the uncle's residence and seized the firearm along with 26 rounds of ammunition. The uncle confessed to having received the weapon from an individual in 2018, but purchased ""support tools"" and ""dangerous toys' online.","1 rifle
26 rounds of ammunition","Criminal Individual
Police",Criminal individuals; Police,"Criminal, State",,,,,1,,,,,,,,,,,,,,,26,,,,,,Crime,,1.32,https://baophapluat.vn/dung-sung-quan-dung-gay-thuong-tich-60-2-doi-tuong-nhan-26-nam-tu-post444235.html
0,VNM.2020.06.19.001,Seizure,Police Seize Pistol From Assault Suspect in Hue,19 June 2020,"Loc Bon, Phu Loc, Hue",16.359738996807,107.734716002042,"Police seized one K59 (PM) pistol, 2 magazines, and 14 rounds of ammunition along with 300 pills suspected to be drugs when they arrested a suspect. The suspect, along with another accomplice, stabbed an individual before fleeing. Police tracked him down and seized the objects during his arrest.","1 K59 (PM/Makarov) pistol
14 rounds of ammunition","Criminal Individual
Police",Criminal individual; Police,"Criminal, State",,1,,,,,,,,,,,,,,,,,,14,,,,,,Crime,,3.26,https://tuoitre.vn/bat-nghi-pham-bi-truy-na-mang-theo-sung-va-14-vien-dan-20200619181207378.htm
0,VNM.2020.06.17.001,Illicit manufacture,Police Dismantle Air Rifle Trafficking Network Sourcing Parts From China in Hanoi,17 June 2020,"Nguyen Xien Street, Thanh Xuan, Hanoi",20.9830667417401,105.809710726839,"Police seized one hunting rifle (presumably an air rifle), 100 rounds of ammunition (presumably pellets), more than 500 barrels, gun frames, 19 gas tanks, 16 silencers, 6 scopes, 14 gas valves, 1 computer, 1 laser engraving set when they arrested a suspected online network of arms traffickers. A police patrol first intercepted an individual with a hunting/air rifle and ammunition/pellets as he was heading to Ha Nam Province to go bird shooting. He confessed that he had contacted several online vendors, ordered weapons parts, and assembled the weapon himself.

The first suspect's testimony led to the arrest of three suspected vendors. One of the suspects had researched and learned of a Chinese factory that produced air rifle parts, and begin ordering gun barrels, gun bodies, lead bullets and other parts to Vietnam in late 2019. The suspect then advertized and sold the parts over Facebook and YouTube. Images showed at least 8 high quality air rifles.","9 air rifles (craft rifles)
500+ barrels and gun frames (not tallied, components not finished weapons)
100 rounds of ammunition (presumed pellets)","Criminal Organization
Police",Criminal organization (air rifle manufacturing/trafficking network); Police,"Criminal, State",,,,,,,,,,,,,,,,,,,,100,,9,,,,"Crime, Online, Smuggling",Environmental crime,1.1400000000000001,https://tuoitre.vn/bat-duong-day-mua-ban-linh-kien-sung-san-lau-tren-mang-xa-hoi-20200622124357167.htm
0,VNM.2020.06.02.001,Seizure,Man Assaults Rival With Converted Gas-Gun Revolver in Bus Company Dispute in Quy Nhon,02 June 2020,"Tam Duong hamlet, Kien Tuong town, Long An",13.7531074152911,109.208632384373,"Police seized a revolver after an altercation between employees from two bus companies competing over passengers at Quy Nhon central bus station. After an initial argument, one of the participants left the scene and returned with a nephew apparently known to engage in criminal activity. The nephew fired a revolver-like gas gun at the other participant and assaulted him with it; the victim was subsequently hospitalized. Image showed a revolver (presumably a toy converted to fire live ammunition).",1 presumably converted revolver (craft handgun),Criminal Individual,Criminal individual (rival bus company employee),Criminal,,,,,,,,,,,,,,,,,,,,,1,,,,,"Crime, Conversion",,10,https://baophapluat.vn/binh-dinh-bao-dong-tinh-trang-nhieu-bang-nhom-con-do-giai-quyet-mau-thuan-bang-sung-va-hang-nong-post349815.html
0,VNM.2020.05.26.001,Seizure,Police Seize Pistols Including Converted Zoraki From Drug Trafficker Crossing From Cambodia in Long An,26 May 2020,"Kien Tuong, Long An",10.7772687830043,105.930830107792,"Police seized two K59 pistols, a Zoraki pistol, a magazine and 40 rounds of ammunition along with 20.8kg of drugs when they arrested a Tran Tuan Khanh while patrolling the border with Cambodia in Tam Duong hamlet, Kien Tuong town, Long An province on 25 May 2020. Police observed Khanh on a motorcycle carrying a black back that aroused suspicion. Upon inspection, they discovered the pistols and ammunition inside the bag, along with at least 17kg Methamphetamine, Ketamine, Nimetazepam, and MDMA

Khanh claimed that he had been contacted by a Cambodian national and hired to transport drugs from Cambodia to Vietnam for VND 50 million. Khanh was instructed receive the drugs at the Xứ Đạo bridge area (in Cambodia) and then transport them back to Vietnam, leaving them in a large tomb in the middle of a field in Gò Dưa hamlet, Bình Hiệp commune, Kiến Tường town, before receiving the money. Khanh received the drugs at the designated time and place, but was intercepted within 300m of Vietnamese territory. 

Khanh was put on trial on 9 December 2020. He pled guilty and confessed to his actions while expressing remorse and rpeentence. He claimed he did not check the contents of the bag he was given and was unaware it contained firearms and ammunition. Khanh was sentenced to death.","2 K59 pistols
1 Zoraki pistol (craft handgun; presumed convertible)
40 rounds of ammunition","Criminal Individual
Other State Agency",Criminal individual (drug trafficker); Other State Agency (Border Guard/Customs),"Criminal, State",,2,,,,,,,,,,,,,,,,,,40,1,,,,,"Crime, Smuggling, Conversion",Drug trafficking,0.5,https://e.vnexpress.net/news/news/vietnam-arrests-man-trafficking-guns-drugs-from-cambodia-4105563.html
0,VNM.2020.05.16.001,Illicit use/possession,Drug Gang Confrontation Turns Deadly With Firearm Used in Quy Nhon,16 May 2020,"An Phu Thinh Plaza, Phan Boi Chau Street, Le Loi, Quy Nhon, Binh Dinh ",13.773541061552,109.233826971257,"A dispute between drug gangs in Quy Nhon led to a public confrontation in which one of the parties used a firearm. The confrontation involved around 30 individuals and resulted in the death of one participant, who was hacked/beaten to death. The dispute reportedly arose over the distribution of cannabis.",1 unspecified firearm,Gang,Gang,Criminal,1,,,,,,,,,,,,,,,,,,,,,,,,,"Crime, Gang violence",Drug trafficking,2.9,https://baophapluat.vn/binh-dinh-bao-dong-tinh-trang-nhieu-bang-nhom-con-do-giai-quyet-mau-thuan-bang-sung-va-hang-nong-post349815.html
0,VNM.2020.04.13.001,Seizure,Police and Postal Officials Seize Air Rifles and Alcohol Guns Shipped Through Da Lat Post Office,13 April 2020,"Lam Dong Provincial Post Office, Da Lat, Lam Dong",11.940351718436,108.437016517105,"Police and postal officials seized five air rifles, four ""alcohol guns,"" and 5kg of lead pellets during inspections of postage between April 13 and 27. The inspections took place following ""monitoring and verification on cyberspace such as Zalo and Facebook."" Police filed cases against eight suspects. Images showed one pistol and five air rifles.","1 pistol
5 air rifles (craft rifles)
4 'alcohol guns' (craft rifles)","Criminal Organization
Other State Agency",Criminal organization (8 suspects); Other State Agency (postal officials),"Criminal, State",,1,,,,,,,,,,,,,,,,,,,,9,,,,"Crime, Online, Smuggling",,1,https://tuoitre.vn/da-lat-thu-giu-hang-loat-sung-hoi-hang-nang-20200428131320468.htm
8,VNM.2020.04.12.001,Seizure,Pawnshop owner found with K59 pistol from Cambodia during gambling raid in Kien Giang,12 April 2020,"An Thoi Town, Phu Quoc District, Kien Giang",10.019050087086,104.012713002718,"Police seized a K59 pistol, 7 rounds of ammunition, and two lead-pellet air guns from pawnshop owner Bui Minh Kim during a raid on an illegal gambling den at his pawnshop in An Thoi Town, Phu Quoc District, Kien Giang on 12 April 2020. Kim, who also stockpiled numerous knives and machetes at the shop, told police he had bought the K59 in Cambodia for VND 26 million about a month earlier and had ordered the two air guns online, then had Nguyen Duc Quyet hide them at the premises. The raid, which caught 20 people gambling with card games, also seized VND 12 million in cash and playing cards. Images showed the K59 pistol, a ZP-5 revolver, and a CZ 83-style pellet gun.",1 K59 pistol; 7 rounds of ammunition.,"Criminal Individual
Police","Criminal Individual (Bui Minh Kim, born 1990; Nguyen Duc Quyet, born 1989); Police (An Thoi Town Police, Phu Quoc District Police, Kien Giang Provincial Police Criminal Investigation Department).","Criminal, State",,1,,,,,,,,,,,,,,,,,,7,,,,,,"Crime, Online, Smuggling",Illicit business,10,https://dantri.com.vn/phap-luat/bat-o-bac-trong-tiem-cam-do-phat-hien-tang-tru-sung-va-nhieu-dao-kiem-20200412135259121.htm
0,VNM.2020.03.21.001,Seizure,Police Seize Two Craft Firearms From Drug Trafficker Near Laos Border in Nghe An,21 March 2020,"Huoi Thang, Huoi Tu, Ky Son, Nghe An",19.4326207219979,104.212446222835,"Police seized two craft production firearms when they arrested a suspected drug trafficker in Huoi Thang, Huoi Tu, Ky Son, Nghe An Province. Police obtained ""evidence of 1,800 synthetic drug pills."" The suspect said he bought the pills from suppliers in Laos to sell for profit in Vietnam. The suspect resisted arrest, injuring two police personnel.",2 craft firearms,"Criminal Individual
Police",Criminal individual (drug trafficker); Police,"Criminal, State",2,,,,,,,,,,,,,,,,,,,,,,,,,"Crime, Smuggling",Drug trafficking,1.07,https://baophapluat.vn/trum-ma-tuy-su-dung-vu-khi-nong-tan-cong-canh-sat-post337002.html
0,VNM.2020.03.16.001,Illicit manufacture,Police Seize Craft Handgun From Drug Suspect's Residence in Hai Duong,16 March 2020,"Bich Nhoi 3, Minh Tan, Kinh Mon, Hai Duong",21.0418901927324,106.581386181897,"Police seized one handgun, three magazines, several rounds of ammunition, and gun manufacturing tools and parts along with VND 300,000 worth of crystal meth when they inspected the residence of a drug suspect. The suspect admitted that he went online to search and research how to make guns several months prior to the incident, then collected and bought tools and equipment related to gun making from various places to make them. Images showed one craft production handgun, three magazines, gun parts and components, tools, and several rounds of assorted ammo.","1 craft handgun
~16 rounds of ammunition",Criminal Individual,Criminal individual (drug suspect/manufacturer),Criminal,,,,,,,,,,,,,,,,,,,,16,1,,,,,"Crime, Online, Conversion",Drug trafficking,2,https://baophapluat.vn/bat-giu-doi-tuong-buon-ban-ma-tuy-thu-giu-duoc-nhieu-sung-dan-post336309.html
10,VNM.2020.03.16.002,Seizure,Youth discards converted revolver while fleeing police in Thanh Hoa,16 March 2020,"Quang Tam Ward, Thanh Hoa City, Thanh Hoa",19.75406531831428,105.8447368013998,"Police seized a converted revolver and three rounds of ammunition that Tran Cong Hanh (born 1995) threw into a rice paddy while fleeing a patrol during a confrontation between his group and a rival group of youths in Quang Tam Ward, Thanh Hoa City, Thanh Hoa on 16 March 2020. Police spotted Hanh's group arguing with the other group and moved to intervene while on a routine security patrol. Hanh fled and discarded the weapon, which he later told police he had picked up during an earlier fight.

Forensic examination determined the homemade pistol functioned like a military-grade firearm despite being craft-made, and Thanh Hoa Provincial Police's Investigative Security Agency charged Hanh with illegal possession of a military-grade weapon.","1 converted revolver (craft handgun)
3 rounds of ammunition","Gang
Police","Gang (Tran Cong Hanh, born approximately 1995, part of a group involved in a dispute with a rival group of youths); Police (Quang Tam Ward Police; Thanh Hoa Provincial Police Investigative Security Agency).","Criminal, State",,,,,,,,,,,,,,,,,,,,3,1,,,,,"Interpersonal dispute, Gang violence, Conversion",,0.66,https://tuoitre.vn/plo/gap-cong-an-thanh-nien-dang-cai-nhau-vut-sung-xuong-ruong-109568931.htm
10,VNM.2020.02.13.001,Seizure,Off-duty policeman kills five with Cambodia-sourced AK rifle in Ho Chi Minh City shooting spree,13 February 2020,"Tan Hiep Commune, Hoc Mon District, HCMC",10.89667549111217,106.591546012608,"Police seized a Type 56-1 assault rifle and 9 rounds of ammunition when they killed Le Quoc Tuan, a serving District 11 police officer, during stand-off in Tan Hiep Commune, Hoc Mon District, Ho Chi Minh City on 13 February 2020. The incident was the culmination of a two-week manhunt for Tuan, who shot and killed five people and wounded four at a gambling den in Hamlet 5, Tan Thanh Dong Commune, Cu Chi District, Ho Chi Minh City on 29 January.

The initial shooting began after Tuan lost money in a dice game. He retrieved the rifle, returned to the game, and opened fire on the gamblers (killing four and wounding two), before stealing a motorbike and roughly VND 802 million. During his flight, he stole another motorbike from a couple, fired on a passing car (wounding two), and killed a fifth victim as he stole another motorbike. He went into hiding with the help of relatives and acquaintances.

Hundreds of police officers besieged his hideout at an associate's home in Tan Hiep Commune, Hoc Mon District on 13 February. Police killed Tuan after he opened fire on them and seized his weapons. They traced the items, along with a K54 pistol, a K59 pistol, and two hand grenades to Pham Thanh Tam, who acquired them in Cambodia in 2018-2019 and distributed them to Tuan and other associates for safekeeping; one recipient later sold the K59 and its ammunition to Nguyen Van Vui, who surrendered it to police, while another buried the K54 by throwing it into a pond after growing fearful of detection.

Ho Chi Minh City People's Court tried Tuan (posthumously, with the case against him closed) and 19 co-defendants for murder, robbery, illegal weapons trafficking/possession, harboring stolen property, and concealing a criminal.","1 Type 56-1 assault rifle
1 K59 pistol
1 K54 pistol
2 hand grenades
at least 28 rounds of ammunition","Criminal Organization
Police
Other State Agency","Criminal Organization (Le Quoc Tuan, born 1987, District 11 police officer, killed; Pham Thanh Tam, alias ""Ty ba dom,"" arms supplier who bought the weapons in Cambodia; Tran Quoc Dat; Nguyen Van Vui; Nguyen Chanh Phap; Nguyen Phuoc Linh; Nguyen Dung Si; Tran Dinh Phuoc Thinh; Nguyen Trung Kien; Nguyen Minh Di; Le Quoc Minh, born 1993, Tuan's cousin; and further co-defendants convicted of harboring stolen property, illegal weapons possession, concealing a criminal, or failure to report a crime); Police (Ho Chi Minh City Police, District 11 Police, Ministry of Public Security special units); Other State Agency (Ho Chi Minh City People's Court).","Criminal, State",,2,,1,,,,,,,,,,,,2,,,,28,,,,,,"Crime, Interpersonal dispute, Smuggling",Illicit business,0.53,https://e.vnexpress.net/news/news/killer-cop-killed-in-saigon-encounter-4054881.html
0,VNM.2020.02.11.001,Illicit manufacture,Police Seize Gun-Manufacturing Workshop Supplied by Chinese-Sourced Parts in Phu Yen,11 February 2020,"Quarter 2, Hoa Vinh, Dong Hoa, Phu Yen ",12.9925565892027,109.331540076005,"Police seized six guns, 10 5.56mm bullets, 731 bullets used for support tools and sports weapons (presumably pellets), along with many gun manufacturing tools when they raided the workshop of a suspected gun manufacturer. Investigators had determined that the suspect regularly received packaged delivered from across Vietnam via passenger buses. The packages contained gun parts and ammunition ordered off of social media networks since October 2019, namely from accounts with Chinese names on Facebook (Hung Chien) and Zalo (Hung Dan).

The suspect had ordered 210 rounds of ammunition and parts for assembling firearms on at least four occassions, using them to produce three firearms and six ""support"" firearms (likely pellet guns/air rifles). The suspect used social media networks to trade items with individuals in Lang Son, Dak Lak, and HCMC. He also received orders to repair guns for between VND 500,000 and VND 5 million and orders to make four ""military"" firearms. The suspect had a previous conviction for illegally transporting firearms. Images showed one revolver, at least seven pistols and pistol frames, several magazines, about 120 of rounds of ammunition, and gun manufacturing equipment.","1 revolver
7 pistols
10 rounds of ammunition","Criminal Organization
Police",Criminal organization (gun manufacturing/selling network); Police,"Criminal, State",,7,1,,,,,,,,,,,,,,,,,10,,,,,,"Crime, Online, Conversion",,17.28,https://cand.com.vn/Ban-tin-113/De-nghi-truy-to-chu-xuong-che-tao-tang-tru-vu-khi-quan-dung-i573849/
10,VNM.2020.01.03.001,Seizure,Police seize AR-15 assault rifle from poacher in Phu Yen,03 January 2020,"Long Ha Hamlet, La Hai Town, Dong Xuan District, Phu Yen",13.38338717478807,109.1058786932946,"Police seized a disassembled AR-15 assult rifle and 17 rounds of ammunition from Vo Dam (born 1969) as he returned from a hunting trip at Long Ha Hamlet, La Hai Town, Dong Xuan District, Phu Yen on 3 January 2020. Dam had found the rifle along with 40 rounds of ammunition while operating an excavator on a land-leveling job in Son Dinh Commune, Son Hoa District in April 2019. He discarded roughly 20 corroded rounds but hid the rifle and remaining ammunition at home for hunting.

On 3 January, Dam packed the items and rode by motorbike toward Xuan Son Nam and Xuan Son Bac communes in Dong Xuan District to hunt. Around 2am the next morning, as Dam returned through Long Ha Hamlet with the disassembled rifle and ammunition, a Dong Xuan District police patrol stopped and searched him, seizing the weapon; he was subsequently prosecuted for illegal possession and use of a military-grade weapon.","1 AR-15 assault rifle
17 rounds of 5.56mm ammunition","Criminal Individual
Police","Criminal Individual (Vo Dam, born 1969); Police (Dong Xuan District Police patrol).","Criminal, State",,,,1,,,,,,,,,,,,,,,,17,,,,,,,Environmental crime,8.1,https://tuoitre.vn/plo/bi-truy-to-vi-nhat-duoc-sung-nhung-khong-giao-nop-109586948.htm
0,VNM.2019.10.04.001,Seizure,Police Seize Pistol and Revolver From Laotian Drug Trafficking Ring Near Laos Border in Ha Tinh,04 October 2019,"National Highway 8A - Cau Treo, Huong Son District, Ha Tinh",18.3882090902806,105.159719575712,"Police seized two handguns and 50 rounds of ammunition when they arrested six Laotian nationals in two separate busts related to drug trafficking. The first took place when police arrested two suspected drug traffickers transporting heroine and methamphetamine along National Highway 8A. Police later arrested four accomplices tasked with scouting the rout and allerting those transporting the contraband of risks along the route. The group was part of a drug trafficking ring that moved drugs from Laos into Vietnam via the Cau Treo border crossing into Huong Son District, Ha Tinh Province.","1 pistol
1 revolver
50 rounds of ammunition","Criminal Organization
Police",Criminal organization (Laotian drug trafficking ring); Police,"Criminal, State",,1,1,,,,,,,,,,,,,,,,,50,,,,,,"Crime, Smuggling",Drug trafficking,5.17,https://e.vnexpress.net/news/news/armed-lao-drug-mules-caught-with-55-kilos-of-heroin-meth-3992503.html
0,VNM.2019.07.21.001,Illicit use/possession,Man Uses AK-Pattern Rifle in Attempted Murder-Suicide in Dak Lak,21 July 2019,"Ea Mta A, Ea Bhok, Cu Kuin, Dak Lak",12.5725619230351,108.201156454831,"A man used an AK pattern assault rifle and 27 rounds of ammunition in an attempted murder-suicide with his partner during a fight. After seriously wounding his partner and attempting to commit suicide, the suspect was hospitalized. He subsequently escaped and attempted to flee to the north of the country with an accomplice before being arrested in Da Nang.","1 AK-pattern assault rifle
27 rounds of ammunition",Criminal Individual,Criminal individual,Criminal,,,,1,,,,,,,,,,,,,,,,27,,,,,,"Domestic violence, Crime",,2.5,https://baophapluat.vn/truy-to-doi-tuong-dung-sung-ban-nguoi-tinh-roi-tu-sat-post331589.html
0,VNM.2019.05.04.001,Seizure,Laotian and Vietnamese Authorities Seize Ammunition and Explosives From Trafficker Bound for Thanh Hoa,04 May 2019,"Viang Xai District, Houaphanh , Laos ",20.4083269920924,104.222930473711,"Laotian authorities in cooperation with their Vietnamese counterparts seized 180 rounds of ammunition and two kilograms of explosives along with 12,000 ecstasy pills from a Laotian national. He purchased the items in Sam Nuea District, Laos and traffic them via Viang Xai District, Laos to Thanh Hoa Province, Vietnam. Vietnamese border authorities were investigating his links to a broader drug trafficking syndicate.","180 rounds of ammunition
2kg of explosives","Criminal Individual
Other State Agency",Criminal individual (Laotian national); Other State Agency (Laotian authorities),"Criminal, State",,,,,,,,,,,,,,,,,,,,180,,,,,,"Crime, Smuggling",Drug trafficking,5.27,https://e.vnexpress.net/news/news/lao-man-arrested-with-ecstasy-pills-explosives-ammunition-3919308.html
0,VNM.2019.03.08.001,Seizure,Laotian Authorities Seize Firearm From Drug Traffickers Bound for Vietnam in Savannakhet,08 March 2019,"Phosi, Phanlansay District, Savannakhet, Laos",16.6273649023778,105.649421668102,"Laotian authorities seized one gun along with 118,000 meth pills when they arrested two suspects (who resisted arrest) in a drug trafficking bust that saw cooperation with Vietnamese officials. The drug shipment was evidently bound for Vietnam via Quang Tri Province.",1 unspecified firearm,"Criminal Organization
Other State Agency",Criminal organization (drug trafficking gang); Other State Agency (Laotian authorities),"Criminal, State",1,,,,,,,,,,,,,,,,,,,,,,,,,"Crime, Smuggling",Drug trafficking,1.8,https://en.sggp.org.vn/quang-tri-border-guards-bust-trans-national-drug-trafficking-ring-post77781.html
0,VNM.2019.02.07.001,Seizure,Former Toll Booth Guards Rob Employer at Gunpoint in Dong Nai,07 February 2019,"Dau Giay toll booth, HCMC-Long Thanh-Dau Giay expressway, Dong Nai",10.9182588880612,107.16415821938,"Police recovered a pistol that two suspected toll booth robbers attempted to burn shortly after their heist in which the stole VND 2.22 billion (USD 96,000). Both suspects formerly worked as guards at the state enterprise that managed the toll booth but were fired for gambling and poor performance. They bought the gun online for VND 6 million (USD 240) and attempted to hand off the stolen proceeds to acquaintances in Long Dien District, Ba Ria-Vung Tau Province; Nam Dinh Province; and Thu Duc District, HCMC",1 pistol,Criminal Individual,Criminal individuals (former guards),Criminal,,1,,,,,,,,,,,,,,,,,,,,,,,,"Crime, Online",,1,https://en.sggp.org.vn/dong-nai-prosecutes-two-toll-booth-robbers-post77284.html
10,VNM.2018.06.30.002,Seizure,"Police kill two drug kingpins, seize cache of 49 firearms and 17 grenades in Son La",30 June 2018,"Ta De Hamlet, Long Luong Commune, Van Ho District, Son La",20.76069240262531,104.8291779080634,"Police seized a cache of 49 military-grade firearms (including AK-pattern assault rifles, carbines, and K54 and K59 pistols), 17 hand grenades, and roughly 7,000 rounds of ammunition when they raided a fortified compound used by drug traffickers in Ta De Hamlet, Long Luong Commune, Van Ho District, Son La between 26-30 June 2018. Personnel killed drug-trafficking fugitives Nguyen Thanh Tuan (born approximately 1983) and Nguyen Van Thuan, alias ""Thuan chot""/""Thuan chuot"" (born approximately 1984), and two other suspects during the operation.

Tuan and Thuan had been fugitives since a 2015 case involving 490 kg of heroin smuggled in gas cylinders, and had built a compound with surveillance cameras, barbed wire, and a bunker stocked with fuel and gas canisters to resist capture. Hundreds of security personnel, backed by armored vehicles, besieged the site. When the suspects opened fire, police killed Tuan, Thuan, and two other suspects and arrested three more.

The subsequent search recovered 38 firearms, 8 grenades, and over 6,000 rounds at Tuan's house, and 4 firearms, 3 grenades, and over 400 rounds at Thuan's house. Images showed one M16A1 assault rifle, two Type 81-1 assault rifles, one QBZ-95B assault rifle, one AMD-65 assault rifle, one AK-pattern assault rifle, one M1 carbine rifle, two bolt action rifles, four shotguns, eight M26 hand grenades, five pistols, and thousands of rounds of loose and packaged ammunition.","1 M16A1 assault rifle
2 Type 81-1 assault rifles
1 QBZ-95B assault rifle
1 AMD-65 assault rifle
1 AK-pattern assault rifle
1 M1 carbine rifle
2 bolt action rifles
4 shotguns
5 pistols
31 unspecified firearms
8 M26 hand grenades
9 unspecified hand grenades
~7,000 rounds of ammunition","Criminal Organization
Police","Criminal Organization (Nguyen Thanh Tuan, born approximately 1983, drug-trafficking ringleader, killed; Nguyen Van Thuan, born approximately 1984, killed; two further unnamed associates killed; three further associates arrested); Police (Ministry of Public Security special task units, Son La Provincial Police).","Criminal, State",31,5,,6,3,4,,,,,,,,,,17,,,,7000,,,,,,Crime,Drug trafficking,1,https://doisongphapluat.com.vn/phat-hien-kho-vu-khi-so-luong-lon-tai-hang-o-cua-trum-ma-tuy-o-long-luong-a234821.html
